image_id,ann_id,category_id,category,bbox_xywh,area,gt_width,gt_height,matched_status,failure_type,formal_tp_prediction_id,highest_prediction_score,best_iou,best_candidate_score,iou_ge_025_candidate,iou_ge_050_candidate,best_candidate_prediction_id,best_candidate_bbox_xywh,pred_width_over_gt_width,pred_height_over_gt_height,sqrt_pred_area_over_gt_area,prediction_fpn_level
2,27,0,person,"[331.0, 231.0, 6.0, 10.0]",60.0,6.0,10.0,FN,B,,0.5439088940620422,0.49949933342012903,0.4334874451160431,True,False,167,"[330.4508056640625, 228.51693725585938, 9.021392822265625, 13.315048217773438]",1.5035654703776042,1.3315048217773438,1.4149221440297342,UNKNOWN_POST_NMS
3,35,0,person,"[320.0, 217.0, 4.0, 10.0]",40.0,4.0,10.0,FN,B,,0.5074129700660706,0.32468134152590883,0.22635652124881744,True,False,261,"[317.47418212890625, 214.54525756835938, 8.73443603515625, 14.104827880859375]",2.1836090087890625,1.4104827880859374,1.754976616028364,UNKNOWN_POST_NMS
4,45,0,person,"[320.0, 215.0, 4.0, 11.0]",44.0,4.0,11.0,FN,A,,0.5996859073638916,0.22972151598741658,0.4347136616706848,False,False,331,"[321.05352783203125, 213.09898376464844, 8.6046142578125, 15.050094604492188]",2.151153564453125,1.368190418590199,1.715572119090573,UNKNOWN_POST_NMS
7,67,0,person,"[323.0, 224.0, 5.0, 9.0]",45.0,5.0,9.0,FN,B,,0.5415505766868591,0.33482497269541506,0.318008154630661,True,False,569,"[319.7641906738281, 221.6132354736328, 10.499298095703125, 12.80072021484375]",2.099859619140625,1.42230224609375,1.7281883730615935,UNKNOWN_POST_NMS
8,74,0,person,"[317.0, 214.0, 5.0, 12.0]",60.0,5.0,12.0,FN,B,,0.5586416721343994,0.27105423600971484,0.24431663751602173,True,False,644,"[315.2593078613281, 213.74935913085938, 12.522918701171875, 17.676223754882812]",2.504583740234375,1.4730186462402344,1.9207546825233413,UNKNOWN_POST_NMS
9,80,0,person,"[294.0, 282.0, 5.0, 11.0]",55.0,5.0,11.0,FN,B,,0.5581359267234802,0.453007867929732,0.5581359267234802,True,False,699,"[291.7585754394531, 280.0929260253906, 9.209503173828125, 13.183197021484375]",1.841900634765625,1.1984724564985796,1.4857547504126822,UNKNOWN_POST_NMS
16,133,0,person,"[274.0, 50.0, 5.0, 12.0]",60.0,5.0,12.0,FN,B,,0.533720076084137,0.40803630565728805,0.3912365138530731,True,False,1242,"[269.7777099609375, 47.165523529052734, 9.57635498046875, 14.185104370117188]",1.91527099609375,1.1820920308430989,1.5046682629029384,UNKNOWN_POST_NMS
17,140,0,person,"[255.0, 20.0, 6.0, 10.0]",60.0,6.0,10.0,FN,A,,0.4897853136062622,0.21176065284556012,0.31913474202156067,False,False,1326,"[256.40478515625, 12.162566184997559, 10.769805908203125, 18.84458827972412]",1.7949676513671875,1.8844588279724122,1.8391690070637345,UNKNOWN_POST_NMS
17,141,0,person,"[260.0, 14.0, 5.0, 12.0]",60.0,5.0,12.0,FN,B,,0.4897853136062622,0.2956355935314314,0.31913474202156067,True,False,1326,"[256.40478515625, 12.162566184997559, 10.769805908203125, 18.84458827972412]",2.153961181640625,1.5703823566436768,1.8391690070637345,UNKNOWN_POST_NMS
24,188,0,person,"[217.0, 47.0, 6.0, 9.0]",54.0,6.0,9.0,FN,B,,0.6226179599761963,0.41429666320148095,0.44846999645233154,True,False,1820,"[217.8266143798828, 44.55934524536133, 8.056365966796875, 13.026325225830078]",1.3427276611328125,1.4473694695366754,1.3940670796722874,UNKNOWN_POST_NMS
26,199,0,person,"[349.0, 477.0, 7.0, 9.0]",63.0,7.0,9.0,FN,B,,0.5945602059364319,0.4485600660320536,0.45030897855758667,True,False,1976,"[347.84515380859375, 475.37030029296875, 11.394378662109375, 12.326202392578125]",1.6277683803013392,1.3695780436197917,1.493102753918586,UNKNOWN_POST_NMS
26,205,0,person,"[302.0, 225.0, 5.0, 12.0]",60.0,5.0,12.0,FN,B,,0.5945602059364319,0.40097029804241524,0.47522199153900146,True,False,1975,"[298.7375793457031, 224.74609375, 9.795806884765625, 15.275619506835938]",1.959161376953125,1.2729682922363281,1.5792245920816306,UNKNOWN_POST_NMS
28,224,0,person,"[339.0, 0.0, 5.0, 11.0]",55.0,5.0,11.0,TP,D,2093,0.6221328973770142,0.5721705255505222,0.3831058144569397,True,True,2093,"[337.1549377441406, 0.03709125518798828, 8.69268798828125, 10.999544143676758]",1.73853759765625,0.9999585585160689,1.3185088357983548,UNKNOWN_POST_NMS
29,231,0,person,"[319.0, 191.0, 5.0, 10.0]",50.0,5.0,10.0,FN,B,,0.6402320265769958,0.40105012691882186,0.5943443179130554,True,False,2157,"[316.9471435546875, 187.8783721923828, 8.191314697265625, 15.220108032226562]",1.638262939453125,1.5220108032226562,1.579067412230067,UNKNOWN_POST_NMS
31,263,0,person,"[378.0, 296.0, 7.0, 9.0]",63.0,7.0,9.0,TP,D,2302,0.5820576548576355,0.6810811592618989,0.224112406373024,True,True,2302,"[377.1116638183594, 295.130126953125, 8.354827880859375, 11.071441650390625]",1.1935468401227678,1.2301601833767362,1.2117152304539827,UNKNOWN_POST_NMS
31,265,0,person,"[327.0, 191.0, 5.0, 12.0]",60.0,5.0,12.0,TP,D,2290,0.5820576548576355,0.54854324695802,0.46744483709335327,True,True,2290,"[324.97613525390625, 189.62356567382812, 8.02593994140625, 13.628387451171875]",1.60518798828125,1.135698954264323,1.3501889940629304,UNKNOWN_POST_NMS
33,308,0,person,"[402.0, 347.0, 6.0, 9.0]",54.0,6.0,9.0,TP,D,2488,0.5793358683586121,0.5685823612491642,0.20497623085975647,True,True,2488,"[401.8291320800781, 345.8152160644531, 9.022918701171875, 10.5257568359375]",1.5038197835286458,1.1695285373263888,1.326182548457317,UNKNOWN_POST_NMS
33,309,0,person,"[366.0, 340.0, 7.0, 9.0]",63.0,7.0,9.0,FN,B,,0.5793358683586121,0.4568035203460645,0.3259645998477936,True,False,2481,"[365.1644287109375, 338.4895324707031, 10.16943359375, 13.56170654296875]",1.4527762276785714,1.5068562825520833,1.479569189264149,UNKNOWN_POST_NMS
33,311,0,person,"[453.0, 18.0, 6.0, 10.0]",60.0,6.0,10.0,TP,D,2469,0.5793358683586121,0.6048977083255489,0.5155324339866638,True,True,2469,"[451.4803771972656, 16.45089340209961, 7.52105712890625, 13.188348770141602]",1.253509521484375,1.3188348770141602,1.2857573937578288,UNKNOWN_POST_NMS
34,316,0,person,"[438.0, 39.0, 5.0, 10.0]",50.0,5.0,10.0,FN,B,,0.5863562226295471,0.47466209054987313,0.5550815463066101,True,False,2567,"[436.35650634765625, 36.83798599243164, 7.7384033203125, 13.612380981445312]",1.5476806640625,1.3612380981445313,1.4514688710694084,UNKNOWN_POST_NMS
34,323,0,person,"[368.0, 342.0, 5.0, 9.0]",45.0,5.0,9.0,FN,B,,0.5863562226295471,0.31043987753674346,0.25452953577041626,True,False,2579,"[365.3538513183594, 339.63055419921875, 10.617706298828125, 13.652252197265625]",2.123541259765625,1.5169169108072917,1.794780111249146,UNKNOWN_POST_NMS
34,324,0,person,"[366.0, 390.0, 6.0, 10.0]",60.0,6.0,10.0,TP,D,2593,0.5863562226295471,0.5405560477715871,0.10199952870607376,True,True,2593,"[364.6412658691406, 388.02301025390625, 8.46697998046875, 13.109375]",1.411163330078125,1.3109375,1.3601275410873392,UNKNOWN_POST_NMS
34,327,0,person,"[176.0, 106.0, 5.0, 12.0]",60.0,5.0,12.0,FN,B,,0.5863562226295471,0.46538767585095714,0.20280127227306366,True,False,2584,"[173.76673889160156, 104.65345001220703, 9.324905395507812, 12.650245666503906]",1.8649810791015624,1.0541871388753254,1.4021551511279675,UNKNOWN_POST_NMS
35,342,0,person,"[369.0, 354.0, 6.0, 8.0]",48.0,6.0,8.0,FN,B,,0.5863308906555176,0.2765016274830587,0.2877209484577179,True,False,2682,"[368.2047424316406, 345.2304382324219, 9.452728271484375, 18.36480712890625]",1.5754547119140625,2.2956008911132812,1.901740055995703,UNKNOWN_POST_NMS
35,350,0,person,"[451.0, 84.0, 5.0, 11.0]",55.0,5.0,11.0,FN,B,,0.5863308906555176,0.45105040172401517,0.473361998796463,True,False,2670,"[449.79461669921875, 82.354736328125, 8.74456787109375, 13.944381713867188]",1.74891357421875,1.267671064897017,1.4889751955767199,UNKNOWN_POST_NMS
36,367,0,person,"[389.0, 347.0, 8.0, 8.0]",64.0,8.0,8.0,FN,B,,0.5655723810195923,0.46845762934822244,0.20908664166927338,True,False,2780,"[387.0085144042969, 343.7462158203125, 8.88427734375, 12.252288818359375]",1.11053466796875,1.5315361022949219,1.304156408121451,UNKNOWN_POST_NMS
37,380,0,person,"[387.0, 346.0, 5.0, 10.0]",50.0,5.0,10.0,FN,B,,0.6051065325737,0.41418943689169896,0.2397473156452179,True,False,2860,"[387.2332458496094, 345.9130859375, 8.9774169921875, 12.559722900390625]",1.7954833984375,1.2559722900390624,1.5016915114838552,UNKNOWN_POST_NMS
37,388,0,person,"[439.0, 100.0, 5.0, 10.0]",50.0,5.0,10.0,TP,D,2857,0.6051065325737,0.547533549712601,0.31168270111083984,True,True,2857,"[438.0709533691406, 99.1334228515625, 7.457794189453125, 12.244720458984375]",1.491558837890625,1.2244720458984375,1.3514333508574625,UNKNOWN_POST_NMS
37,390,0,person,"[420.0, 69.0, 5.0, 12.0]",60.0,5.0,12.0,TP,D,2853,0.6051065325737,0.5555441620635793,0.3682669997215271,True,True,2853,"[419.1598815917969, 67.3774185180664, 7.837554931640625, 13.78009033203125]",1.567510986328125,1.1483408610026042,1.341654544087665,UNKNOWN_POST_NMS
55,821,0,person,"[315.0, 254.0, 5.0, 12.0]",60.0,5.0,12.0,TP,D,4602,0.6331995129585266,0.5508626302685606,0.273235023021698,True,True,4602,"[314.71307373046875, 252.95974731445312, 7.942596435546875, 13.713409423828125]",1.588519287109375,1.1427841186523438,1.347343539518239,UNKNOWN_POST_NMS
64,968,0,person,"[597.0, 0.0, 10.0, 6.0]",60.0,10.0,6.0,TP,D,5275,0.6926800012588501,0.5024688053153311,0.057415515184402466,True,True,5275,"[595.2940673828125, 0.0, 10.41650390625, 9.242708206176758]",1.041650390625,1.5404513676961262,1.266732714071712,UNKNOWN_POST_NMS
65,988,2,crowd,"[612.0, 0.0, 13.0, 4.0]",52.0,13.0,4.0,FN,A,,0.4045356512069702,0.0005288470368590359,0.07561524957418442,False,False,5395,"[624.8986206054688, 3.0612916946411133, 9.4638671875, 13.529829978942871]",0.7279897836538461,3.3824574947357178,1.5692018671321373,UNKNOWN_POST_NMS
124,1505,0,person,"[463.0, 352.0, 5.0, 12.0]",60.0,5.0,12.0,TP,D,7909,0.4437415897846222,0.5495897696249245,0.4437415897846222,True,True,7909,"[460.498291015625, 350.9942626953125, 7.944549560546875, 13.741790771484375]",1.588909912109375,1.1451492309570312,1.3489028741581266,UNKNOWN_POST_NMS
131,1517,0,person,"[426.0, 48.0, 4.0, 12.0]",48.0,4.0,12.0,FN,B,,0.6359167695045471,0.31249222735630666,0.3473522365093231,True,False,7992,"[424.0295715332031, 44.59321975708008, 9.68389892578125, 15.861774444580078]",2.4209747314453125,1.3218145370483398,1.788876629019205,UNKNOWN_POST_NMS
131,1518,0,person,"[548.0, 14.0, 4.0, 15.0]",60.0,4.0,15.0,FN,B,,0.6359167695045471,0.37664709803634744,0.5425029993057251,True,False,7987,"[545.60302734375, 13.587408065795898, 9.64959716796875, 16.508493423461914]",2.4123992919921875,1.1005662282307942,1.6294186662041406,UNKNOWN_POST_NMS
131,1522,0,person,"[509.0, 273.0, 5.0, 10.0]",50.0,5.0,10.0,FN,B,,0.6359167695045471,0.36391821424253484,0.5206365585327148,True,False,7988,"[506.9116516113281, 270.9290466308594, 9.396820068359375, 14.62127685546875]",1.879364013671875,1.462127685546875,1.6576700985449861,UNKNOWN_POST_NMS
132,1527,0,person,"[386.0, 143.0, 3.0, 12.0]",36.0,3.0,12.0,FN,B,,0.6460837721824646,0.2861040501058548,0.40008413791656494,True,False,8032,"[385.4598083496094, 141.84274291992188, 8.085205078125, 15.562789916992188]",2.695068359375,1.2968991597493489,1.8695539282782119,UNKNOWN_POST_NMS
132,1529,0,person,"[591.0, 101.0, 4.0, 14.0]",56.0,4.0,14.0,FN,B,,0.6460837721824646,0.2734261147144341,0.5214399099349976,True,False,8029,"[588.105224609375, 99.58343505859375, 12.24346923828125, 16.727981567382812]",3.0608673095703125,1.1948558262416296,1.9124055893540548,UNKNOWN_POST_NMS
134,1545,0,person,"[392.0, 240.0, 4.0, 14.0]",56.0,4.0,14.0,FN,B,,0.5943390130996704,0.434245754449229,0.49480193853378296,True,False,8130,"[389.68719482421875, 240.68154907226562, 8.47869873046875, 14.147811889648438]",2.1196746826171875,1.0105579921177454,1.4635758235255338,UNKNOWN_POST_NMS
134,1546,1,rider,"[402.0, 239.0, 3.0, 14.0]",42.0,3.0,14.0,FN,A,,0.6836426258087158,0.0,0.6836426258087158,False,False,8149,"[403.36297607421875, 35.07634353637695, 12.42010498046875, 20.235244750976562]",4.140034993489583,1.4453746250697546,2.446201448468762,UNKNOWN_POST_NMS
142,1633,0,person,"[537.0, 5.0, 5.0, 9.0]",45.0,5.0,9.0,FN,B,,0.5886385440826416,0.32867321918553494,0.3754778206348419,True,False,8441,"[538.0413208007812, 2.43302583694458, 7.97967529296875, 12.41001844406128]",1.59593505859375,1.378890938229031,1.4834488162039632,UNKNOWN_POST_NMS
143,1642,1,rider,"[91.0, 497.0, 8.0, 8.0]",64.0,8.0,8.0,TP,D,8509,0.6211427450180054,0.5119073012559584,0.24390411376953125,True,True,8509,"[89.8454818725586, 494.551025390625, 11.398582458496094, 10.96826171875]",1.4248228073120117,1.37103271484375,1.3976690172141188,UNKNOWN_POST_NMS
144,1651,0,person,"[622.0, 57.0, 4.0, 12.0]",48.0,4.0,12.0,FN,B,,0.6127603054046631,0.38756611282282416,0.47214680910110474,True,False,8553,"[619.909912109375, 55.97118377685547, 8.90283203125, 13.911285400390625]",2.2257080078125,1.1592737833658855,1.606301635087428,UNKNOWN_POST_NMS
144,1652,0,person,"[631.0, 79.0, 4.0, 12.0]",48.0,4.0,12.0,FN,B,,0.6127603054046631,0.39731362843765894,0.4414699077606201,True,False,8554,"[627.5005493164062, 79.09637451171875, 9.57464599609375, 12.476242065429688]",2.3936614990234375,1.0396868387858074,1.5775482106873864,UNKNOWN_POST_NMS
146,1662,0,person,"[570.0, 54.0, 3.0, 16.0]",48.0,3.0,16.0,FN,B,,0.4663926959037781,0.3441304572938389,0.2966476082801819,True,False,8619,"[566.583740234375, 54.85126495361328, 8.24725341796875, 13.831375122070312]",2.74908447265625,0.8644609451293945,1.541582356370546,UNKNOWN_POST_NMS
146,1663,0,person,"[590.0, 103.0, 6.0, 9.0]",54.0,6.0,9.0,TP,D,8617,0.4663926959037781,0.5669346878622363,0.4663926959037781,True,True,8617,"[589.0648193359375, 99.90482330322266, 7.86077880859375, 12.075508117675781]",1.3101298014322917,1.341723124186198,1.3258323612988097,UNKNOWN_POST_NMS
147,1669,0,person,"[475.0, 57.0, 6.0, 9.0]",54.0,6.0,9.0,FN,A,,0.46811753511428833,0.11108151111362251,0.27990400791168213,False,False,8641,"[473.1719665527344, 57.13895797729492, 17.98028564453125, 26.572994232177734]",2.9967142740885415,2.9525549146864147,2.9745526483609357,UNKNOWN_POST_NMS
155,1692,1,rider,"[313.0, 2.0, 8.0, 8.0]",64.0,8.0,8.0,TP,D,8802,0.7670166492462158,0.5825836224534509,0.3792635500431061,True,True,8802,"[312.8184509277344, 0.39508867263793945, 9.6864013671875, 11.341206073760986]",1.2108001708984375,1.4176507592201233,1.3101495264045342,UNKNOWN_POST_NMS
160,1718,0,person,"[330.0, 105.0, 5.0, 9.0]",45.0,5.0,9.0,FN,B,,0.47681427001953125,0.2751712995479128,0.0995061844587326,True,False,8946,"[328.4492492675781, 102.34925079345703, 10.36865234375, 15.772010803222656]",2.07373046875,1.7524456448025174,1.9063315368673992,UNKNOWN_POST_NMS
161,1719,0,person,"[297.0, 193.0, 4.0, 10.0]",40.0,4.0,10.0,FN,B,,0.49795666337013245,0.30071380373906376,0.4411710500717163,True,False,8981,"[296.33502197265625, 189.56224060058594, 8.882354736328125, 14.97540283203125]",2.2205886840820312,1.497540283203125,1.8235736910906177,UNKNOWN_POST_NMS
161,1722,0,person,"[310.0, 210.0, 5.0, 12.0]",60.0,5.0,12.0,FN,B,,0.49795666337013245,0.4417989871463334,0.3894473910331726,True,False,8982,"[308.8148498535156, 208.06924438476562, 8.745025634765625, 15.52978515625]",1.749005126953125,1.2941487630208333,1.5044842377251688,UNKNOWN_POST_NMS
161,1724,0,person,"[368.0, 291.0, 5.0, 12.0]",60.0,5.0,12.0,FN,B,,0.49795666337013245,0.3437659113153556,0.4500132203102112,True,False,8980,"[365.90740966796875, 289.1205139160156, 9.568267822265625, 18.24127197265625]",1.913653564453125,1.5201059977213542,1.705566258134243,UNKNOWN_POST_NMS
165,1732,0,person,"[549.0, 96.0, 3.0, 11.0]",33.0,3.0,11.0,FN,B,,0.4515007734298706,0.32731611276264616,0.25414949655532837,True,False,9078,"[546.6100463867188, 95.0892562866211, 7.642578125, 13.191879272460938]",2.5475260416666665,1.1992617520419033,1.7478988941301903,UNKNOWN_POST_NMS
166,1737,0,person,"[469.0, 212.0, 6.0, 10.0]",60.0,6.0,10.0,FN,B,,0.5506963133811951,0.4720559915015586,0.2528531849384308,True,False,9099,"[468.2672119140625, 210.37521362304688, 9.034515380859375, 14.06866455078125]",1.5057525634765625,1.406866455078125,1.4554699485743672,UNKNOWN_POST_NMS
168,1741,0,person,"[271.0, 291.0, 5.0, 8.0]",40.0,5.0,8.0,FN,B,,0.47318199276924133,0.26026055597291997,0.47318199276924133,True,False,9159,"[268.5618591308594, 288.7509460449219, 11.663421630859375, 13.177276611328125]",2.332684326171875,1.6471595764160156,1.9601794118420754,UNKNOWN_POST_NMS
168,1742,0,person,"[139.0, 272.0, 8.0, 8.0]",64.0,8.0,8.0,FN,B,,0.47318199276924133,0.48977474514011593,0.39676642417907715,True,False,9161,"[139.0756378173828, 266.5931091308594, 8.757293701171875, 14.71136474609375]",1.0946617126464844,1.8389205932617188,1.4188008902029778,UNKNOWN_POST_NMS
169,1744,0,person,"[269.0, 272.0, 6.0, 10.0]",60.0,6.0,10.0,FN,B,,0.5944904685020447,0.4517961397387207,0.5944904685020447,True,False,9186,"[266.8967590332031, 271.333740234375, 10.4901123046875, 12.65985107421875]",1.74835205078125,1.265985107421875,1.4877458313904146,UNKNOWN_POST_NMS
170,1745,0,person,"[254.0, 260.0, 6.0, 8.0]",48.0,6.0,8.0,FN,B,,0.5297715067863464,0.3769427584732559,0.5297715067863464,True,False,9216,"[250.97299194335938, 258.4176330566406, 10.7596435546875, 11.834991455078125]",1.79327392578125,1.4793739318847656,1.628779511944277,UNKNOWN_POST_NMS
183,1761,0,person,"[484.0, 212.0, 6.0, 10.0]",60.0,6.0,10.0,TP,D,9412,0.4117004871368408,0.6784098528340797,0.15954264998435974,True,True,9412,"[482.9973449707031, 210.8520965576172, 7.796539306640625, 11.343765258789062]",1.2994232177734375,1.1343765258789062,1.2140985114166896,UNKNOWN_POST_NMS
185,1764,0,person,"[243.0, 503.0, 6.0, 8.0]",48.0,6.0,8.0,FN,B,,0.4913497567176819,0.34322931777252375,0.4913497567176819,True,False,9435,"[241.575439453125, 499.6970520019531, 12.168380737304688, 11.098785400390625]",2.0280634562174478,1.3873481750488281,1.6773878904017685,UNKNOWN_POST_NMS
190,1863,0,person,"[299.0, 131.0, 7.0, 9.0]",63.0,7.0,9.0,TP,D,9867,0.6186765432357788,0.640590519966191,0.38478949666023254,True,True,9867,"[299.7178039550781, 130.6438751220703, 7.14996337890625, 11.44085693359375]",1.02142333984375,1.2712063259548612,1.1394910315958249,UNKNOWN_POST_NMS
191,1892,0,person,"[451.0, 136.0, 6.0, 8.0]",48.0,6.0,8.0,FN,B,,0.6089732050895691,0.47232406210010514,0.48328667879104614,True,False,9964,"[450.15472412109375, 134.82484436035156, 8.5989990234375, 11.818252563476562]",1.43316650390625,1.4772815704345703,1.4550568592274489,UNKNOWN_POST_NMS
196,2043,0,person,"[76.0, 281.0, 6.0, 8.0]",48.0,6.0,8.0,FN,B,,0.6715991497039795,0.33928378621891686,0.5803459286689758,True,False,10460,"[75.89279174804688, 282.0843811035156, 7.545753479003906, 15.34527587890625]",1.2576255798339844,1.9181594848632812,1.5531665829411991,UNKNOWN_POST_NMS
196,2062,0,person,"[289.0, 239.0, 6.0, 10.0]",60.0,6.0,10.0,FN,B,,0.6715991497039795,0.36314639628935863,0.38032615184783936,True,False,10503,"[291.4002685546875, 239.37692260742188, 6.33880615234375, 11.047882080078125]",1.0564676920572917,1.1047882080078124,1.080357833463582,UNKNOWN_POST_NMS
196,2065,0,person,"[330.0, 238.0, 5.0, 11.0]",55.0,5.0,11.0,FN,A,,0.6715991497039795,0.21942999081950784,0.24659524857997894,False,False,10534,"[322.3768005371094, 237.77835083007812, 11.04718017578125, 13.968048095703125]",2.20943603515625,1.2698225541548296,1.6749900624791267,UNKNOWN_POST_NMS
196,2067,0,person,"[370.0, 240.0, 5.0, 11.0]",55.0,5.0,11.0,FN,B,,0.6715991497039795,0.37810805501886097,0.3755250573158264,True,False,10504,"[371.2283935546875, 238.56961059570312, 7.4273681640625, 12.953720092773438]",1.4854736328125,1.177610917524858,1.3226148221214338,UNKNOWN_POST_NMS
196,2085,0,person,"[271.0, 194.0, 5.0, 10.0]",50.0,5.0,10.0,FN,B,,0.6715991497039795,0.41417925846138237,0.3596377968788147,True,False,10511,"[268.87939453125, 193.67868041992188, 7.542999267578125, 16.00433349609375]",1.508599853515625,1.600433349609375,1.553838317452052,UNKNOWN_POST_NMS
196,2091,0,person,"[450.0, 185.0, 5.0, 11.0]",55.0,5.0,11.0,FN,B,,0.6715991497039795,0.35020840519604457,0.2528126537799835,True,False,10532,"[451.00830078125, 184.08750915527344, 9.037506103515625, 12.645904541015625]",1.807501220703125,1.149627685546875,1.4415108202785314,UNKNOWN_POST_NMS
196,2095,0,person,"[455.0, 233.0, 5.0, 9.0]",45.0,5.0,9.0,TP,D,10519,0.6715991497039795,0.5632486464554128,0.32443031668663025,True,True,10519,"[454.5188903808594, 232.0162811279297, 7.169525146484375, 11.143508911132812]",1.433905029296875,1.2381676567925348,1.3324469333476445,UNKNOWN_POST_NMS
196,2113,0,person,"[104.0, 222.0, 5.0, 11.0]",55.0,5.0,11.0,TP,D,10527,0.6715991497039795,0.6474923839657073,0.28120288252830505,True,True,10527,"[102.44790649414062, 221.6713104248047, 7.481513977050781, 11.353729248046875]",1.4963027954101562,1.0321572043678977,1.2427468407517346,UNKNOWN_POST_NMS
196,2117,0,person,"[415.0, 165.0, 6.0, 10.0]",60.0,6.0,10.0,FN,A,,0.6715991497039795,0.0,0.6715991497039795,False,False,10452,"[427.9305114746094, 417.88397216796875, 8.84320068359375, 15.85089111328125]",1.4738667805989583,1.585089111328125,1.5284666124831277,UNKNOWN_POST_NMS
197,2171,0,person,"[235.0, 266.0, 5.0, 12.0]",60.0,5.0,12.0,FN,A,,0.7108289003372192,0.17801554762520286,0.3397022783756256,False,False,10619,"[237.79681396484375, 266.01983642578125, 9.028701782226562, 12.700103759765625]",1.8057403564453125,1.0583419799804688,1.3824220861122587,UNKNOWN_POST_NMS
198,2204,0,person,"[21.0, 240.0, 4.0, 14.0]",56.0,4.0,14.0,FN,A,,0.6938174366950989,0.0,0.6938174366950989,False,False,10652,"[130.7339324951172, 355.37176513671875, 8.717605590820312, 15.1612548828125]",2.179401397705078,1.08294677734375,1.5362863405573777,UNKNOWN_POST_NMS
198,2206,0,person,"[111.0, 236.0, 5.0, 12.0]",60.0,5.0,12.0,TP,D,10699,0.6938174366950989,0.5008416747029314,0.41423898935317993,True,True,10699,"[110.00147247314453, 234.30364990234375, 8.069374084472656, 12.3544921875]",1.6138748168945312,1.029541015625,1.2890113723614725,UNKNOWN_POST_NMS
198,2209,0,person,"[229.0, 223.0, 6.0, 10.0]",60.0,6.0,10.0,TP,D,10680,0.6938174366950989,0.6951360096950713,0.5075075030326843,True,True,10680,"[229.00965881347656, 222.30462646484375, 6.8758392333984375, 12.51898193359375]",1.1459732055664062,1.251898193359375,1.1977653299736286,UNKNOWN_POST_NMS
198,2210,0,person,"[80.0, 236.0, 5.0, 11.0]",55.0,5.0,11.0,FN,A,,0.6938174366950989,0.0,0.6938174366950989,False,False,10652,"[130.7339324951172, 355.37176513671875, 8.717605590820312, 15.1612548828125]",1.7435211181640624,1.3782958984375,1.5501896677518823,UNKNOWN_POST_NMS
198,2223,0,person,"[0.0, 294.0, 3.0, 14.0]",42.0,3.0,14.0,FN,A,,0.6938174366950989,0.0,0.6938174366950989,False,False,10652,"[130.7339324951172, 355.37176513671875, 8.717605590820312, 15.1612548828125]",2.9058685302734375,1.08294677734375,1.7739506645462941,UNKNOWN_POST_NMS
198,2227,0,person,"[84.0, 301.0, 5.0, 9.0]",45.0,5.0,9.0,FN,A,,0.6938174366950989,0.0,0.6938174366950989,False,False,10652,"[130.7339324951172, 355.37176513671875, 8.717605590820312, 15.1612548828125]",1.7435211181640624,1.6845838758680556,1.7137991606062313,UNKNOWN_POST_NMS
199,2296,0,person,"[384.0, 199.0, 5.0, 11.0]",55.0,5.0,11.0,FN,A,,0.6547061800956726,0.22354738730984697,0.40575164556503296,False,False,10805,"[386.3416748046875, 200.30841064453125, 6.923858642578125, 12.422470092773438]",1.384771728515625,1.1293154629794033,1.2505375347063405,UNKNOWN_POST_NMS
199,2298,0,person,"[412.0, 204.0, 4.0, 11.0]",44.0,4.0,11.0,FN,B,,0.6547061800956726,0.39983045457041766,0.4357880651950836,True,False,10799,"[411.0680236816406, 204.25274658203125, 8.1761474609375, 13.026565551757812]",2.044036865234375,1.184233231977983,1.555833019060416,UNKNOWN_POST_NMS
199,2314,0,person,"[397.0, 377.0, 6.0, 9.0]",54.0,6.0,9.0,FN,B,,0.6547061800956726,0.38109011782427954,0.4132237732410431,True,False,10801,"[396.7748718261719, 374.6382751464844, 9.1964111328125, 15.408050537109375]",1.5327351888020833,1.712005615234375,1.6198923575029567,UNKNOWN_POST_NMS
199,2317,0,person,"[551.0, 466.0, 5.0, 11.0]",55.0,5.0,11.0,FN,B,,0.6547061800956726,0.29816734841875453,0.5992434620857239,True,False,10762,"[549.2169799804688, 466.19927978515625, 11.53912353515625, 15.60968017578125]",2.30782470703125,1.4190618341619319,1.8096811768054584,UNKNOWN_POST_NMS
199,2320,0,person,"[295.0, 495.0, 5.0, 11.0]",55.0,5.0,11.0,FN,B,,0.6547061800956726,0.3478647945599249,0.48961591720581055,True,False,10785,"[291.8738098144531, 493.6287841796875, 11.600341796875, 13.629547119140625]",2.320068359375,1.2390497381036931,1.6954881577487526,UNKNOWN_POST_NMS
199,2335,0,person,"[88.0, 317.0, 5.0, 9.0]",45.0,5.0,9.0,FN,B,,0.6547061800956726,0.2570229746305998,0.3719353675842285,True,False,10813,"[88.78864288330078, 314.8706359863281, 10.361335754394531, 13.547332763671875]",2.0722671508789063,1.5052591959635417,1.7661537830420209,UNKNOWN_POST_NMS
199,2338,0,person,"[91.0, 299.0, 4.0, 10.0]",40.0,4.0,10.0,FN,B,,0.6547061800956726,0.31726187885553886,0.3922854959964752,True,False,10807,"[91.53282165527344, 298.1469421386719, 8.190322875976562, 12.69256591796875]",2.0475807189941406,1.269256591796875,1.612112069559526,UNKNOWN_POST_NMS
199,2341,0,person,"[132.0, 289.0, 5.0, 10.0]",50.0,5.0,10.0,FN,B,,0.6547061800956726,0.34372447487955543,0.4972608685493469,True,False,10781,"[131.3717803955078, 286.9341735839844, 10.896026611328125, 13.350311279296875]",2.179205322265625,1.3350311279296876,1.7056690591596764,UNKNOWN_POST_NMS
199,2342,0,person,"[136.0, 287.0, 4.0, 12.0]",48.0,4.0,12.0,FN,B,,0.6547061800956726,0.3299754958843732,0.4972608685493469,True,False,10781,"[131.3717803955078, 286.9341735839844, 10.896026611328125, 13.350311279296875]",2.7240066528320312,1.1125259399414062,1.7408411937476087,UNKNOWN_POST_NMS
199,2347,0,person,"[221.0, 311.0, 5.0, 12.0]",60.0,5.0,12.0,FN,B,,0.6547061800956726,0.38702484499821005,0.33936530351638794,True,False,10823,"[221.03831481933594, 310.1119079589844, 10.642196655273438, 14.41253662109375]",2.1284393310546874,1.2010447184244792,1.5988592236498385,UNKNOWN_POST_NMS
199,2356,0,person,"[287.0, 260.0, 5.0, 12.0]",60.0,5.0,12.0,FN,A,,0.6547061800956726,0.18620499620016948,0.35645726323127747,False,False,10818,"[289.915283203125, 259.6079406738281, 7.922637939453125, 12.542083740234375]",1.584527587890625,1.0451736450195312,1.2868980047655876,UNKNOWN_POST_NMS
199,2358,0,person,"[315.0, 258.0, 6.0, 10.0]",60.0,6.0,10.0,FN,B,,0.6547061800956726,0.4493907735692382,0.4966132342815399,True,False,10782,"[317.26495361328125, 258.3720397949219, 5.3936767578125, 10.379241943359375]",0.8989461263020834,1.0379241943359374,0.9659388872457211,UNKNOWN_POST_NMS
199,2359,0,person,"[350.0, 259.0, 5.0, 9.0]",45.0,5.0,9.0,TP,D,10792,0.6547061800956726,0.5989593986462465,0.4532882571220398,True,True,10792,"[349.4318542480469, 258.5344543457031, 6.434326171875, 11.676483154296875]",1.286865234375,1.2973870171440973,1.2921154158558052,UNKNOWN_POST_NMS
199,2361,0,person,"[379.0, 270.0, 5.0, 11.0]",55.0,5.0,11.0,FN,B,,0.6547061800956726,0.4479250656387833,0.4088345468044281,True,False,10804,"[379.5655822753906, 267.5001220703125, 7.484222412109375, 13.719207763671875]",1.496844482421875,1.2472007057883523,1.3663328638849186,UNKNOWN_POST_NMS
199,2364,0,person,"[554.0, 195.0, 4.0, 12.0]",48.0,4.0,12.0,FN,B,,0.6547061800956726,0.29796566393589163,0.36128130555152893,True,False,10817,"[555.2326049804688, 194.18643188476562, 7.40777587890625, 13.048492431640625]",1.8519439697265625,1.0873743693033855,1.4190688517709875,UNKNOWN_POST_NMS
199,2365,0,person,"[491.0, 252.0, 3.0, 9.0]",27.0,3.0,9.0,FN,B,,0.6547061800956726,0.2676884000270928,0.3391006290912628,True,False,10824,"[489.6072998046875, 250.21792602539062, 8.1593017578125, 12.361785888671875]",2.7197672526041665,1.3735317654079862,1.9327924658297457,UNKNOWN_POST_NMS
199,2369,0,person,"[582.0, 194.0, 5.0, 12.0]",60.0,5.0,12.0,FN,A,,0.6547061800956726,0.014059246423931684,0.24486275017261505,False,False,10832,"[574.07470703125, 199.8395538330078, 8.28228759765625, 11.908096313476562]",1.65645751953125,0.9923413594563802,1.2820964498872087,UNKNOWN_POST_NMS
199,2374,0,person,"[626.0, 465.0, 6.0, 6.0]",36.0,6.0,6.0,FN,A,,0.6547061800956726,0.10496675336174383,0.3527574837207794,False,False,10819,"[627.1292114257812, 451.6169128417969, 10.85113525390625, 17.866241455078125]",1.8085225423177083,2.9777069091796875,2.320614157861374,UNKNOWN_POST_NMS
199,2375,0,person,"[551.0, 447.0, 9.0, 6.0]",54.0,9.0,6.0,FN,B,,0.6547061800956726,0.3060479847742556,0.3910943567752838,True,False,10808,"[549.03759765625, 444.51800537109375, 16.12994384765625, 10.9388427734375]",1.7922159830729167,1.8231404622395833,1.8076120921848047,UNKNOWN_POST_NMS
199,2377,0,person,"[74.0, 502.0, 7.0, 9.0]",63.0,7.0,9.0,TP,D,10790,0.6547061800956726,0.5301388136420311,0.4601696729660034,True,True,10790,"[71.77223205566406, 500.66595458984375, 11.1136474609375, 10.69287109375]",1.5876639229910714,1.1880967881944444,1.3734257925486486,UNKNOWN_POST_NMS
200,2378,0,person,"[3.0, 200.0, 5.0, 11.0]",55.0,5.0,11.0,FN,B,,0.6890852451324463,0.3951534792289688,0.41628098487854004,True,False,10907,"[2.066567897796631, 200.08592224121094, 10.014391422271729, 13.747177124023438]",2.002878284454346,1.2497433749112217,1.5821137338226894,UNKNOWN_POST_NMS
200,2385,0,person,"[89.0, 274.0, 6.0, 10.0]",60.0,6.0,10.0,FN,B,,0.6890852451324463,0.2779855790777836,0.25737854838371277,True,False,10931,"[90.55731201171875, 269.0118408203125, 9.522216796875, 15.148162841796875]",1.5870361328125,1.5148162841796875,1.5505057812100966,UNKNOWN_POST_NMS
200,2415,0,person,"[496.0, 213.0, 6.0, 10.0]",60.0,6.0,10.0,TP,D,10915,0.6890852451324463,0.5409103356167893,0.3861692547798157,True,True,10915,"[494.06231689453125, 211.3884735107422, 7.0977783203125, 11.008865356445312]",1.1829630533854167,1.1008865356445312,1.1411871440026602,UNKNOWN_POST_NMS
200,2444,0,person,"[427.0, 167.0, 5.0, 11.0]",55.0,5.0,11.0,TP,D,10891,0.6890852451324463,0.5570520015353552,0.5036088228225708,True,True,10891,"[426.3517761230469, 166.55726623535156, 7.72589111328125, 12.779632568359375]",1.54517822265625,1.1617847789417615,1.3398375050110798,UNKNOWN_POST_NMS
200,2445,0,person,"[416.0, 160.0, 6.0, 10.0]",60.0,6.0,10.0,TP,D,10924,0.6890852451324463,0.6153979972122637,0.3148799538612366,True,True,10924,"[414.26129150390625, 158.3645782470703, 7.8668212890625, 12.3935546875]",1.3111368815104167,1.23935546875,1.2747410185523003,UNKNOWN_POST_NMS
200,2466,0,person,"[543.0, 139.0, 5.0, 10.0]",50.0,5.0,10.0,FN,A,,0.6890852451324463,0.0,0.6890852451324463,False,False,10852,"[58.294498443603516, 293.2512512207031, 10.435955047607422, 16.49310302734375]",2.0871910095214843,1.649310302734375,1.855377491449744,UNKNOWN_POST_NMS
200,2467,0,person,"[582.0, 161.0, 5.0, 10.0]",50.0,5.0,10.0,FN,B,,0.6890852451324463,0.47296567994052646,0.47141826152801514,True,False,10896,"[580.6268310546875, 158.47569274902344, 7.67041015625, 13.782302856445312]",1.53408203125,1.3782302856445312,1.4540695705955167,UNKNOWN_POST_NMS
200,2392,2,crowd,"[191.0, 279.0, 4.0, 11.0]",44.0,4.0,11.0,FN,B,,0.618861198425293,0.2655062029987711,0.30904632806777954,True,False,10945,"[184.37863159179688, 274.63543701171875, 10.7691650390625, 15.38848876953125]",2.692291259765625,1.3989535245028408,1.9407190283081461,UNKNOWN_POST_NMS
200,2464,2,crowd,"[555.0, 145.0, 5.0, 9.0]",45.0,5.0,9.0,FN,A,,0.618861198425293,0.0,0.618861198425293,False,False,10935,"[614.924072265625, 177.51351928710938, 16.18011474609375, 22.967849731445312]",3.23602294921875,2.5519833034939237,2.8737217221104436,UNKNOWN_POST_NMS
201,2528,0,person,"[397.0, 492.0, 7.0, 7.0]",49.0,7.0,7.0,FN,B,,0.6861655116081238,0.3064834310186347,0.5697356462478638,True,False,10971,"[395.5242004394531, 491.27349853515625, 9.549835205078125, 16.741455078125]",1.3642621721540178,2.391636439732143,1.8063275240862813,UNKNOWN_POST_NMS
201,2536,0,person,"[342.0, 175.0, 4.0, 12.0]",48.0,4.0,12.0,FN,B,,0.6861655116081238,0.4357013252176783,0.6166512966156006,True,False,10960,"[340.4637145996094, 176.0033721923828, 7.226165771484375, 13.415435791015625]",1.8065414428710938,1.1179529825846355,1.421136303885201,UNKNOWN_POST_NMS
201,2541,0,person,"[495.0, 214.0, 4.0, 9.0]",36.0,4.0,9.0,FN,B,,0.6861655116081238,0.43966557488952107,0.4016993045806885,True,False,11003,"[493.3912353515625, 214.03231811523438, 7.30810546875, 11.146133422851562]",1.8270263671875,1.2384592692057292,1.5042266250557559,UNKNOWN_POST_NMS
201,2542,0,person,"[505.0, 213.0, 5.0, 11.0]",55.0,5.0,11.0,FN,B,,0.6861655116081238,0.49909588017288387,0.4058729112148285,True,False,11002,"[505.3065185546875, 212.12887573242188, 7.78411865234375, 12.855911254882812]",1.55682373046875,1.1687192049893467,1.3488846476189083,UNKNOWN_POST_NMS
202,2577,0,person,"[340.0, 174.0, 5.0, 12.0]",60.0,5.0,12.0,TP,D,11078,0.6801448464393616,0.589264958910726,0.5154799222946167,True,True,11078,"[338.4842224121094, 173.85653686523438, 7.964508056640625, 12.784439086914062]",1.592901611328125,1.0653699239095051,1.3027008361308334,UNKNOWN_POST_NMS
202,2582,0,person,"[569.0, 118.0, 5.0, 11.0]",55.0,5.0,11.0,FN,B,,0.6801448464393616,0.47418699469182174,0.27208903431892395,True,False,11126,"[566.5443725585938, 116.52949523925781, 8.3079833984375, 13.961029052734375]",1.6615966796875,1.2691844593394885,1.4521958144649327,UNKNOWN_POST_NMS
202,2586,0,person,"[513.0, 213.0, 4.0, 7.0]",28.0,4.0,7.0,FN,A,,0.6801448464393616,0.0,0.6801448464393616,False,False,11052,"[387.52972412109375, 461.3377685546875, 9.546844482421875, 16.15069580078125]",2.3867111206054688,2.3072422572544644,2.3466403118757024,UNKNOWN_POST_NMS
202,2587,0,person,"[504.0, 213.0, 5.0, 8.0]",40.0,5.0,8.0,FN,B,,0.6801448464393616,0.3467130843046024,0.39929908514022827,True,False,11109,"[502.06390380859375, 211.31326293945312, 8.10992431640625, 14.225677490234375]",1.62198486328125,1.7782096862792969,1.6983018562331962,UNKNOWN_POST_NMS
202,2630,0,person,"[204.0, 404.0, 5.0, 10.0]",50.0,5.0,10.0,FN,B,,0.6801448464393616,0.31957970555641296,0.6265801787376404,True,False,11058,"[201.60952758789062, 402.3583068847656, 10.075057983398438, 15.52899169921875]",2.0150115966796873,1.552899169921875,1.7689290081478224,UNKNOWN_POST_NMS
202,2636,0,person,"[286.0, 476.0, 4.0, 12.0]",48.0,4.0,12.0,FN,B,,0.6801448464393616,0.4011210591975753,0.6589243412017822,True,False,11055,"[284.3538818359375, 475.0227355957031, 8.451690673828125, 14.158660888671875]",2.1129226684570312,1.179888407389323,1.5789277887929407,UNKNOWN_POST_NMS
202,2643,0,person,"[561.0, 404.0, 8.0, 8.0]",64.0,8.0,8.0,FN,B,,0.6801448464393616,0.3384818668221366,0.35813403129577637,True,False,11117,"[558.8389892578125, 403.13568115234375, 16.17425537109375, 11.690155029296875]",2.0217819213867188,1.4612693786621094,1.7188275108500726,UNKNOWN_POST_NMS
202,2661,0,person,"[608.0, 166.0, 5.0, 12.0]",60.0,5.0,12.0,FN,A,,0.6801448464393616,0.0,0.6801448464393616,False,False,11052,"[387.52972412109375, 461.3377685546875, 9.546844482421875, 16.15069580078125]",1.909368896484375,1.3458913167317708,1.6030605160804265,UNKNOWN_POST_NMS
203,2670,0,person,"[114.0, 196.0, 5.0, 11.0]",55.0,5.0,11.0,TP,D,11188,0.6491705775260925,0.5630494922856659,0.47070178389549255,True,True,11188,"[114.02488708496094, 196.24118041992188, 7.7294921875, 12.108352661132812]",1.5458984375,1.1007593328302556,1.304477724104875,UNKNOWN_POST_NMS
204,2777,0,person,"[555.0, 157.0, 5.0, 12.0]",60.0,5.0,12.0,FN,B,,0.6954987645149231,0.4423893446210462,0.3068394958972931,True,False,11329,"[555.145751953125, 158.4627227783203, 8.17974853515625, 13.053451538085938]",1.63594970703125,1.0877876281738281,1.3340036925073306,UNKNOWN_POST_NMS
204,2815,0,person,"[252.0, 226.0, 5.0, 12.0]",60.0,5.0,12.0,FN,B,,0.6954987645149231,0.49851291081603794,0.3860936760902405,True,False,11309,"[252.2819366455078, 227.05543518066406, 8.214431762695312, 11.59173583984375]",1.6428863525390625,0.9659779866536459,1.2597587273468025,UNKNOWN_POST_NMS
204,2826,0,person,"[115.0, 276.0, 5.0, 9.0]",45.0,5.0,9.0,FN,A,,0.6954987645149231,0.17792375943170932,0.5157225131988525,False,False,11280,"[109.62644958496094, 267.9791564941406, 8.831809997558594, 16.257843017578125]",1.7663619995117188,1.806427001953125,1.7862821756771468,UNKNOWN_POST_NMS
204,2827,0,person,"[109.0, 268.0, 5.0, 11.0]",55.0,5.0,11.0,FN,B,,0.6954987645149231,0.3197100839492743,0.5157225131988525,True,False,11280,"[109.62644958496094, 267.9791564941406, 8.831809997558594, 16.257843017578125]",1.7663619995117188,1.4779857288707385,1.6157530217511284,UNKNOWN_POST_NMS
206,2951,0,person,"[118.0, 250.0, 4.0, 15.0]",60.0,4.0,15.0,FN,A,,0.6970000267028809,0.24083207236211093,0.3930177092552185,False,False,11502,"[119.05392456054688, 249.98692321777344, 10.98345947265625, 14.348281860351562]",2.7458648681640625,0.9565521240234375,1.6206674155802818,UNKNOWN_POST_NMS
206,2971,0,person,"[589.0, 162.0, 4.0, 11.0]",44.0,4.0,11.0,FN,B,,0.6970000267028809,0.41717595828121273,0.2659550607204437,True,False,11531,"[587.4515991210938, 161.95265197753906, 7.67010498046875, 13.750930786132812]",1.9175262451171875,1.2500846169211648,1.5482474161333515,UNKNOWN_POST_NMS
206,2993,0,person,"[410.0, 269.0, 4.0, 15.0]",60.0,4.0,15.0,FN,B,,0.6970000267028809,0.3480895127695987,0.2803528904914856,True,False,11525,"[404.6077880859375, 269.24578857421875, 10.7081298828125, 15.741485595703125]",2.677032470703125,1.049432373046875,1.676115908418484,UNKNOWN_POST_NMS
207,3058,0,person,"[310.0, 229.0, 6.0, 9.0]",54.0,6.0,9.0,FN,A,,0.7393461465835571,0.07666845283787799,0.45870548486709595,False,False,11592,"[308.8735046386719, 235.91224670410156, 7.45001220703125, 16.364013671875]",1.241668701171875,1.8182237413194444,1.502541683722612,UNKNOWN_POST_NMS
207,3075,0,person,"[411.0, 181.0, 4.0, 14.0]",56.0,4.0,14.0,TP,D,11607,0.7393461465835571,0.5022631537167016,0.4006885290145874,True,True,11607,"[410.98370361328125, 182.17588806152344, 7.25506591796875, 13.4288330078125]",1.8137664794921875,0.9592023577008929,1.3190030642298578,UNKNOWN_POST_NMS
207,3083,0,person,"[489.0, 241.0, 5.0, 11.0]",55.0,5.0,11.0,FN,A,,0.7393461465835571,0.080554782284085,0.513490617275238,False,False,11580,"[482.0223083496094, 239.9980010986328, 8.06268310546875, 13.034591674804688]",1.61253662109375,1.184962879527699,1.3823154625030842,UNKNOWN_POST_NMS
207,3112,0,person,"[322.0, 183.0, 4.0, 11.0]",44.0,4.0,11.0,FN,A,,0.7393461465835571,0.11647960079822907,0.3405821621417999,False,False,11626,"[314.03778076171875, 181.37356567382812, 9.5335693359375, 12.390609741210938]",2.383392333984375,1.1264190673828125,1.6385049801737022,UNKNOWN_POST_NMS
207,3113,0,person,"[331.0, 185.0, 5.0, 12.0]",60.0,5.0,12.0,TP,D,11617,0.7393461465835571,0.5647566767428291,0.3788323700428009,True,True,11617,"[330.0415344238281, 185.59381103515625, 7.873291015625, 12.448944091796875]",1.574658203125,1.0374120076497395,1.2781116257455911,UNKNOWN_POST_NMS
208,3143,0,person,"[272.0, 253.0, 6.0, 10.0]",60.0,6.0,10.0,FN,B,,0.7290500998497009,0.3828563092116382,0.362121045589447,True,False,11710,"[273.6629943847656, 251.53750610351562, 7.40985107421875, 13.043487548828125]",1.2349751790364583,1.3043487548828125,1.2691880621434253,UNKNOWN_POST_NMS
208,3152,0,person,"[375.0, 261.0, 4.0, 14.0]",56.0,4.0,14.0,FN,B,,0.7290500998497009,0.48785092358870735,0.47552740573883057,True,False,11678,"[372.75714111328125, 261.8356018066406, 7.867095947265625, 12.926666259765625]",1.9667739868164062,0.9233333042689732,1.3475859616356407,UNKNOWN_POST_NMS
209,3226,0,person,"[0.0, 196.0, 4.0, 13.0]",52.0,4.0,13.0,FN,A,,0.678758442401886,0.0,0.678758442401886,False,False,11752,"[209.7792510986328, 478.0103454589844, 10.6324462890625, 14.405487060546875]",2.658111572265625,1.1081143892728365,1.7162434796730277,UNKNOWN_POST_NMS
209,3285,0,person,"[352.0, 149.0, 5.0, 11.0]",55.0,5.0,11.0,FN,A,,0.678758442401886,0.0,0.678758442401886,False,False,11752,"[209.7792510986328, 478.0103454589844, 10.6324462890625, 14.405487060546875]",2.1264892578125,1.3095897327769885,1.6687805424596156,UNKNOWN_POST_NMS
210,3309,0,person,"[168.0, 307.0, 6.0, 8.0]",48.0,6.0,8.0,FN,B,,0.6847385764122009,0.4150997740735867,0.36771151423454285,True,False,11896,"[166.20750427246094, 307.6114196777344, 8.794174194335938, 11.7269287109375]",1.4656956990559895,1.4658660888671875,1.4657808914857164,UNKNOWN_POST_NMS
215,3566,0,person,"[525.0, 133.0, 3.0, 11.0]",33.0,3.0,11.0,FN,A,,0.7186108231544495,0.0,0.7186108231544495,False,False,12352,"[258.9455871582031, 408.7713623046875, 11.146820068359375, 16.89483642578125]",3.715606689453125,1.5358942205255681,2.388886527250132,UNKNOWN_POST_NMS
215,3568,0,person,"[521.0, 118.0, 5.0, 11.0]",55.0,5.0,11.0,FN,A,,0.7186108231544495,0.0,0.7186108231544495,False,False,12352,"[258.9455871582031, 408.7713623046875, 11.146820068359375, 16.89483642578125]",2.229364013671875,1.5358942205255681,1.8504235472038062,UNKNOWN_POST_NMS
217,3648,0,person,"[384.0, 119.0, 5.0, 11.0]",55.0,5.0,11.0,FN,A,,0.6863610148429871,0.0,0.6863610148429871,False,False,12552,"[560.5250244140625, 440.5633850097656, 11.77825927734375, 17.826324462890625]",2.35565185546875,1.620574951171875,1.9538450272870176,UNKNOWN_POST_NMS
217,3653,0,person,"[389.0, 118.0, 5.0, 11.0]",55.0,5.0,11.0,FN,A,,0.6863610148429871,0.0,0.6863610148429871,False,False,12552,"[560.5250244140625, 440.5633850097656, 11.77825927734375, 17.826324462890625]",2.35565185546875,1.620574951171875,1.9538450272870176,UNKNOWN_POST_NMS
225,3922,0,person,"[432.0, 235.0, 4.0, 12.0]",48.0,4.0,12.0,FN,B,,0.6603400707244873,0.40033576952718986,0.42619067430496216,True,False,13374,"[430.4636535644531, 235.19577026367188, 8.609771728515625, 13.607818603515625]",2.1524429321289062,1.133984883626302,1.5623180687371103,UNKNOWN_POST_NMS
225,3937,0,person,"[493.0, 63.0, 8.0, 8.0]",64.0,8.0,8.0,FN,B,,0.6603400707244873,0.4952809052720221,0.48539161682128906,True,False,13362,"[493.1946716308594, 63.018428802490234, 8.3782958984375, 14.810115814208984]",1.0472869873046875,1.851264476776123,1.3924098522299584,UNKNOWN_POST_NMS
225,3938,0,person,"[512.0, 64.0, 8.0, 7.0]",56.0,8.0,7.0,FN,B,,0.6603400707244873,0.36774785820976935,0.41134753823280334,True,False,13376,"[513.9085083007812, 62.73046112060547, 7.329345703125, 13.997245788574219]",0.916168212890625,1.9996065412248885,1.3535050614454347,UNKNOWN_POST_NMS
225,3939,0,person,"[448.0, 95.0, 8.0, 8.0]",64.0,8.0,8.0,FN,B,,0.6603400707244873,0.28266329096555887,0.44866707921028137,True,False,13369,"[444.92230224609375, 93.95206451416016, 7.712982177734375, 13.518913269042969]",0.9641227722167969,1.689864158630371,1.2764154955532772,UNKNOWN_POST_NMS
226,3971,0,person,"[476.0, 142.0, 7.0, 9.0]",63.0,7.0,9.0,FN,B,,0.6844964623451233,0.3932809057878081,0.3868058919906616,True,False,13482,"[474.9022216796875, 143.18499755859375, 9.30572509765625, 14.056304931640625]",1.3293892996651786,1.5618116590711806,1.4409218256593754,UNKNOWN_POST_NMS
226,3973,0,person,"[612.0, 182.0, 4.0, 10.0]",40.0,4.0,10.0,FN,B,,0.6844964623451233,0.2551604847534571,0.1341269165277481,True,False,13495,"[611.5341186523438, 181.16604614257812, 11.792236328125, 13.293838500976562]",2.94805908203125,1.3293838500976562,1.97967222862424,UNKNOWN_POST_NMS
226,3974,0,person,"[438.0, 258.0, 7.0, 8.0]",56.0,7.0,8.0,FN,B,,0.6844964623451233,0.45904918906268205,0.407696008682251,True,False,13478,"[436.1507568359375, 257.26953125, 8.725830078125, 13.620849609375]",1.2465471540178572,1.702606201171875,1.456838671399121,UNKNOWN_POST_NMS
227,3991,0,person,"[465.0, 179.0, 7.0, 8.0]",56.0,7.0,8.0,TP,D,13580,0.6663900017738342,0.5019755067972305,0.29026058316230774,True,True,13580,"[464.577880859375, 176.7926483154297, 8.898223876953125, 12.537246704101562]",1.2711748395647322,1.5671558380126953,1.4114280254262777,UNKNOWN_POST_NMS
227,4000,0,person,"[623.0, 312.0, 5.0, 12.0]",60.0,5.0,12.0,FN,B,,0.6663900017738342,0.4167137234618702,0.5059508681297302,True,False,13566,"[621.5462036132812, 312.0070495605469, 9.88153076171875, 14.558868408203125]",1.97630615234375,1.213239034016927,1.5484610964409926,UNKNOWN_POST_NMS
230,4053,0,person,"[383.0, 325.0, 8.0, 6.0]",48.0,8.0,6.0,FN,B,,0.6589838862419128,0.34258590669369854,0.22671665251255035,True,False,13854,"[384.4455871582031, 322.6744079589844, 9.131317138671875, 11.621490478515625]",1.1414146423339844,1.9369150797526042,1.48688373216843,UNKNOWN_POST_NMS
245,4095,0,person,"[22.0, 173.0, 9.0, 7.0]",63.0,9.0,7.0,FN,B,,0.6325480341911316,0.43776200297456785,0.23705536127090454,True,False,14402,"[23.086437225341797, 173.01438903808594, 10.536102294921875, 11.252944946289062]",1.1706780327690973,1.6075635637555803,1.3718379461032058,UNKNOWN_POST_NMS
252,4119,0,person,"[467.0, 165.0, 5.0, 12.0]",60.0,5.0,12.0,FN,B,,0.547190248966217,0.4880144709130117,0.5311195254325867,True,False,14700,"[464.7713317871094, 165.11944580078125, 8.788177490234375, 13.782852172851562]",1.757635498046875,1.1485710144042969,1.4208339758552724,UNKNOWN_POST_NMS
254,4132,0,person,"[567.0, 286.0, 4.0, 9.0]",36.0,4.0,9.0,FN,B,,0.4846268594264984,0.2815546713434503,0.4846268594264984,True,False,14812,"[566.0848388671875, 286.10888671875, 8.73040771484375, 14.41845703125]",2.1826019287109375,1.60205078125,1.8699302460383687,UNKNOWN_POST_NMS
254,4137,0,person,"[628.0, 342.0, 2.0, 11.0]",22.0,2.0,11.0,FN,A,,0.4846268594264984,0.15541917286164691,0.2632846236228943,False,False,14828,"[621.7239990234375, 340.255126953125, 10.04193115234375, 14.096160888671875]",5.020965576171875,1.2814691716974431,2.536574973861082,UNKNOWN_POST_NMS
254,4138,0,person,"[614.0, 123.0, 9.0, 7.0]",63.0,9.0,7.0,FN,A,,0.4846268594264984,0.20228793993396343,0.18318355083465576,False,False,14833,"[618.1723022460938, 123.19844818115234, 9.68450927734375, 13.646339416503906]",1.0760565863715277,1.949477059500558,1.4483603245932188,UNKNOWN_POST_NMS
254,4139,0,person,"[619.0, 136.0, 11.0, 5.0]",55.0,11.0,5.0,FN,B,,0.4846268594264984,0.34732352690875756,0.38239604234695435,True,False,14818,"[620.3468627929688, 133.51161193847656, 8.8409423828125, 13.17474365234375]",0.8037220348011364,2.63494873046875,1.455254738954323,UNKNOWN_POST_NMS
254,4140,0,person,"[632.0, 142.0, 5.0, 10.0]",50.0,5.0,10.0,FN,B,,0.4846268594264984,0.3759310510324216,0.28295207023620605,True,False,14825,"[629.143798828125, 140.9471893310547, 9.45013427734375, 14.074203491210938]",1.89002685546875,1.4074203491210937,1.6309697289563871,UNKNOWN_POST_NMS
254,4141,0,person,"[585.0, 46.0, 5.0, 8.0]",40.0,5.0,8.0,FN,B,,0.4846268594264984,0.3025173589757047,0.2987965941429138,True,False,14824,"[585.2282104492188, 47.18425750732422, 8.5560302734375, 11.691417694091797]",1.7112060546875,1.4614272117614746,1.5813927700768418,UNKNOWN_POST_NMS
254,4142,0,person,"[595.0, 38.0, 7.0, 8.0]",56.0,7.0,8.0,FN,B,,0.4846268594264984,0.41864059322749847,0.08501124382019043,True,False,14848,"[593.7190551757812, 39.35407257080078, 9.13372802734375, 11.128711700439453]",1.3048182896205358,1.3910889625549316,1.3472632707941428,UNKNOWN_POST_NMS
254,4143,0,person,"[612.0, 27.0, 6.0, 6.0]",36.0,6.0,6.0,FN,B,,0.4846268594264984,0.4101671428647205,0.16218818724155426,True,False,14839,"[610.0025634765625, 26.087623596191406, 9.50494384765625, 9.234046936035156]",1.5841573079427083,1.5390078226725261,1.5614193828909892,UNKNOWN_POST_NMS
254,4144,0,person,"[595.0, 21.0, 8.0, 5.0]",40.0,8.0,5.0,FN,B,,0.4846268594264984,0.3564782184435685,0.35177889466285706,True,False,14820,"[596.6773681640625, 20.035715103149414, 7.2696533203125, 11.045236587524414]",0.9087066650390625,2.209047317504883,1.4168189795465578,UNKNOWN_POST_NMS
254,4145,0,person,"[547.0, 43.0, 7.0, 9.0]",63.0,7.0,9.0,TP,D,14816,0.4846268594264984,0.6632667596191367,0.39256417751312256,True,True,14816,"[546.8995971679688, 43.195159912109375, 7.49169921875, 12.22134017944336]",1.0702427455357142,1.3579266866048176,1.205533568718912,UNKNOWN_POST_NMS
254,4146,0,person,"[537.0, 21.0, 6.0, 10.0]",60.0,6.0,10.0,FN,B,,0.4846268594264984,0.4065026972500566,0.3363890051841736,True,False,14822,"[537.4179077148438, 22.80698013305664, 7.8756103515625, 12.474040985107422]",1.3126017252604167,1.2474040985107422,1.279587735093657,UNKNOWN_POST_NMS
254,4147,0,person,"[512.0, 24.0, 7.0, 8.0]",56.0,7.0,8.0,FN,B,,0.4846268594264984,0.3917508306327886,0.37293994426727295,True,False,14819,"[509.81768798828125, 24.240140914916992, 7.62713623046875, 12.337915420532227]",1.0895908900669642,1.5422394275665283,1.2963063027612645,UNKNOWN_POST_NMS
254,4148,0,person,"[506.0, 47.0, 5.0, 3.0]",15.0,5.0,3.0,FN,A,,0.4846268594264984,0.16704243060695254,0.26568055152893066,False,False,14827,"[505.8203125, 43.735374450683594, 8.08563232421875, 11.105815887451172]",1.61712646484375,3.7019386291503906,2.4467331134446373,UNKNOWN_POST_NMS
254,4150,0,person,"[458.0, 68.0, 3.0, 12.0]",36.0,3.0,12.0,FN,A,,0.4846268594264984,0.1290265979710082,0.0924859270453453,False,False,14847,"[448.19512939453125, 70.81216430664062, 14.33282470703125, 14.316093444824219]",4.777608235677083,1.1930077870686848,2.3874094388533864,UNKNOWN_POST_NMS
254,4151,0,person,"[310.0, 180.0, 5.0, 12.0]",60.0,5.0,12.0,FN,B,,0.4846268594264984,0.38653690961929293,0.18037568032741547,True,False,14834,"[309.9761962890625, 183.66639709472656, 7.16943359375, 12.478851318359375]",1.43388671875,1.039904276529948,1.221108075023509,UNKNOWN_POST_NMS
254,4153,0,person,"[251.0, 225.0, 9.0, 6.0]",54.0,9.0,6.0,FN,B,,0.4846268594264984,0.27316651627599225,0.4173423647880554,True,False,14814,"[253.96542358398438, 223.21524047851562, 7.891510009765625, 14.541534423828125]",0.8768344455295138,2.423589070638021,1.4577676011437073,UNKNOWN_POST_NMS
254,4154,0,person,"[526.0, 250.0, 6.0, 10.0]",60.0,6.0,10.0,TP,D,14823,0.4846268594264984,0.6084285341790537,0.3360469937324524,True,True,14823,"[525.568359375, 250.94735717773438, 7.161376953125, 11.672088623046875]",1.1935628255208333,1.1672088623046875,1.1803122924316853,UNKNOWN_POST_NMS
254,4155,0,person,"[210.0, 223.0, 8.0, 7.0]",56.0,8.0,7.0,FN,B,,0.4846268594264984,0.38227716899112935,0.1663554459810257,True,False,14837,"[211.3480682373047, 222.6690216064453, 8.315963745117188, 13.512466430664062]",1.0394954681396484,1.9303523472377233,1.4165424514875458,UNKNOWN_POST_NMS
254,4157,2,crowd,"[511.0, 99.0, 5.0, 7.0]",35.0,5.0,7.0,FN,B,,0.331451416015625,0.28433363217446156,0.18813766539096832,True,False,14886,"[507.04241943359375, 97.92549896240234, 8.54266357421875, 12.873687744140625]",1.70853271484375,1.8390982491629464,1.7726137550258252,UNKNOWN_POST_NMS
255,4164,0,person,"[630.0, 174.0, 8.0, 6.0]",48.0,8.0,6.0,FN,B,,0.6010149717330933,0.40027733799480003,0.47924748063087463,True,False,14916,"[628.1321411132812, 172.6953125, 10.10968017578125, 11.861587524414062]",1.2637100219726562,1.9769312540690105,1.5805909776150122,UNKNOWN_POST_NMS
255,4165,0,person,"[596.0, 225.0, 7.0, 9.0]",63.0,7.0,9.0,FN,B,,0.6010149717330933,0.4376639421983263,0.23468786478042603,True,False,14941,"[592.3508911132812, 223.8573760986328, 9.38262939453125, 11.351211547851562]",1.3403756277901786,1.2612457275390625,1.300208842397194,UNKNOWN_POST_NMS
255,4170,0,person,"[480.0, 194.0, 7.0, 7.0]",49.0,7.0,7.0,FN,B,,0.6010149717330933,0.41575657733501103,0.42190903425216675,True,False,14919,"[478.48126220703125, 190.51763916015625, 8.417938232421875, 13.715316772460938]",1.2025626046316964,1.9593309674944197,1.5349977692510275,UNKNOWN_POST_NMS
255,4173,0,person,"[482.0, 85.0, 6.0, 7.0]",42.0,6.0,7.0,FN,B,,0.6010149717330933,0.41798368082052634,0.5222848057746887,True,False,14912,"[482.2983703613281, 83.67259979248047, 7.75811767578125, 12.038612365722656]",1.2930196126302083,1.719801766531808,1.4912201091595119,UNKNOWN_POST_NMS
255,4178,0,person,"[580.0, 4.0, 5.0, 6.0]",30.0,5.0,6.0,FN,B,,0.6010149717330933,0.3851753345104551,0.19052483141422272,True,False,14946,"[579.1773681640625, 2.4484024047851562, 7.79034423828125, 9.997838973999023]",1.55806884765625,1.666306495666504,1.6112790700388415,UNKNOWN_POST_NMS
255,4179,0,person,"[591.0, 21.0, 8.0, 8.0]",64.0,8.0,8.0,FN,B,,0.6010149717330933,0.3229907073038388,0.2650068998336792,True,False,14936,"[588.725830078125, 22.80173110961914, 7.84771728515625, 9.875999450683594]",0.9809646606445312,1.2344999313354492,1.1004548178858486,UNKNOWN_POST_NMS
255,4180,0,person,"[606.0, 39.0, 9.0, 5.0]",45.0,9.0,5.0,FN,B,,0.6010149717330933,0.45941569676828403,0.258773535490036,True,False,14937,"[606.4775390625, 36.88304901123047, 7.78436279296875, 10.102569580078125]",0.86492919921875,2.020513916015625,1.321968790626214,UNKNOWN_POST_NMS
255,4183,0,person,"[600.0, 75.0, 5.0, 9.0]",45.0,5.0,9.0,TP,D,14962,0.6010149717330933,0.5008763364514057,0.10191357135772705,True,True,14962,"[598.257080078125, 76.84378051757812, 7.105712890625, 8.756065368652344]",1.421142578125,0.9728961520724826,1.1758503926113135,UNKNOWN_POST_NMS
255,4184,0,person,"[555.0, 37.0, 5.0, 6.0]",30.0,5.0,6.0,FN,B,,0.6010149717330933,0.26389274829414117,0.24191637337207794,True,False,14939,"[555.062744140625, 37.97636795043945, 8.25750732421875, 10.752849578857422]",1.65150146484375,1.792141596476237,1.7203849777848916,UNKNOWN_POST_NMS
255,4185,0,person,"[565.0, 42.0, 6.0, 8.0]",48.0,6.0,8.0,TP,D,14942,0.6010149717330933,0.5087435725012661,0.21563690900802612,True,True,14942,"[563.1610107421875, 39.40800476074219, 8.37042236328125, 11.271842956542969]",1.3950703938802083,1.408980369567871,1.4020081309117045,UNKNOWN_POST_NMS
255,4186,0,person,"[576.0, 33.0, 7.0, 5.0]",35.0,7.0,5.0,FN,B,,0.6010149717330933,0.33268982565710786,0.29164955019950867,True,False,14933,"[574.7101440429688, 32.30109405517578, 7.43646240234375, 11.848438262939453]",1.0623517717633928,2.3696876525878907,1.5866448488091407,UNKNOWN_POST_NMS
255,4187,0,person,"[469.0, 169.0, 7.0, 9.0]",63.0,7.0,9.0,TP,D,14911,0.6010149717330933,0.5879489460223085,0.5284107327461243,True,True,14911,"[468.3070068359375, 169.5218048095703, 7.256561279296875, 12.02960205078125]",1.036651611328125,1.3366224500868056,1.17712013686787,UNKNOWN_POST_NMS
255,4188,0,person,"[481.0, 162.0, 11.0, 5.0]",55.0,11.0,5.0,FN,B,,0.6010149717330933,0.315172331236171,0.363799124956131,True,False,14924,"[481.3507080078125, 158.92840576171875, 8.449554443359375, 14.355117797851562]",0.7681413130326704,2.8710235595703124,1.4850426952771665,UNKNOWN_POST_NMS
255,4193,0,person,"[562.0, 371.0, 6.0, 9.0]",54.0,6.0,9.0,FN,B,,0.6010149717330933,0.4552800844322574,0.4051211178302765,True,False,14920,"[560.2435302734375, 370.7564697265625, 9.4384765625, 12.56646728515625]",1.5730794270833333,1.3962741427951388,1.4820425528976722,UNKNOWN_POST_NMS
255,4195,0,person,"[379.0, 312.0, 8.0, 5.0]",40.0,8.0,5.0,FN,B,,0.6010149717330933,0.29825872009465776,0.31327566504478455,True,False,14931,"[380.0116271972656, 308.3023376464844, 7.9410400390625, 14.115875244140625]",0.9926300048828125,2.823175048828125,1.6740275572711747,UNKNOWN_POST_NMS
255,4200,2,crowd,"[616.0, 61.0, 8.0, 8.0]",64.0,8.0,8.0,FN,A,,0.6404532790184021,0.0,0.6404532790184021,False,False,14976,"[611.2506713867188, 272.3395080566406, 17.4066162109375, 23.064453125]",2.1758270263671875,2.883056640625,2.5046022752563464,UNKNOWN_POST_NMS
256,4202,0,person,"[325.0, 107.0, 5.0, 11.0]",55.0,5.0,11.0,TP,D,15005,0.5812494158744812,0.6006952917509422,0.5812494158744812,True,True,15005,"[323.1917724609375, 107.02376556396484, 7.506195068359375, 12.155815124511719]",1.501239013671875,1.1050741022283381,1.288014112990849,UNKNOWN_POST_NMS
256,4206,0,person,"[274.0, 110.0, 8.0, 6.0]",48.0,8.0,6.0,FN,B,,0.5812494158744812,0.34717114867618404,0.38702815771102905,True,False,15008,"[276.1521911621094, 109.6599349975586, 7.5888671875, 11.615943908691406]",0.9486083984375,1.9359906514485676,1.3551741553249155,UNKNOWN_POST_NMS
258,4221,0,person,"[306.0, 369.0, 5.0, 12.0]",60.0,5.0,12.0,FN,B,,0.46332982182502747,0.45192292845310333,0.45460206270217896,True,False,15136,"[304.0546875, 367.855712890625, 9.9539794921875, 13.337982177734375]",1.9907958984375,1.111498514811198,1.487537120345407,UNKNOWN_POST_NMS
258,4224,0,person,"[348.0, 94.0, 6.0, 10.0]",60.0,6.0,10.0,TP,D,15147,0.46332982182502747,0.554209934000899,0.13096313178539276,True,True,15147,"[348.0932922363281, 93.90972900390625, 8.471527099609375, 12.470710754394531]",1.4119211832682292,1.2470710754394532,1.326938607643193,UNKNOWN_POST_NMS
259,4234,0,person,"[342.0, 1.0, 5.0, 12.0]",60.0,5.0,12.0,TP,D,15203,0.6479947566986084,0.6397182204907417,0.1548643559217453,True,True,15203,"[340.9889831542969, 0.8469338417053223, 7.147216796875, 10.930446147918701]",1.429443359375,0.9108705123265585,1.1410687118205034,UNKNOWN_POST_NMS
259,4236,0,person,"[379.0, 273.0, 5.0, 7.0]",35.0,5.0,7.0,FN,B,,0.6479947566986084,0.32253232025176715,0.19384711980819702,True,False,15202,"[376.7526550292969, 270.7841796875, 9.1055908203125, 11.91754150390625]",1.8211181640625,1.7025059291294642,1.7608135823992757,UNKNOWN_POST_NMS
260,4245,0,person,"[404.0, 0.0, 10.0, 6.0]",60.0,10.0,6.0,FN,A,,0.4404384195804596,0.0,0.4404384195804596,False,False,15241,"[322.9058837890625, 470.7842712402344, 8.170166015625, 12.133697509765625]",0.8170166015625,2.022282918294271,1.285394382009926,UNKNOWN_POST_NMS
260,4249,0,person,"[333.0, 6.0, 4.0, 10.0]",40.0,4.0,10.0,TP,D,15251,0.4404384195804596,0.5075543523345337,0.20833885669708252,True,True,15251,"[331.3731689453125, 5.8997697830200195, 7.0445556640625, 11.187262535095215]",1.761138916015625,1.1187262535095215,1.4036496505267901,UNKNOWN_POST_NMS
260,4250,0,person,"[343.0, 10.0, 4.0, 9.0]",36.0,4.0,9.0,FN,B,,0.4404384195804596,0.45745972973400906,0.21800446510314941,True,False,15249,"[340.97625732421875, 8.559419631958008, 6.711395263671875, 11.72564697265625]",1.6778488159179688,1.3028496636284723,1.4785076142645177,UNKNOWN_POST_NMS
260,4251,0,person,"[345.0, 97.0, 4.0, 12.0]",48.0,4.0,12.0,FN,B,,0.4404384195804596,0.2587142672686474,0.21364137530326843,True,False,15250,"[346.7783203125, 97.47644805908203, 6.553253173828125, 11.682571411132812]",1.6383132934570312,0.973547617594401,1.262923593776888,UNKNOWN_POST_NMS
260,4252,0,person,"[386.0, 328.0, 3.0, 10.0]",30.0,3.0,10.0,FN,B,,0.4404384195804596,0.2690091597987318,0.19629056751728058,True,False,15253,"[384.7032165527344, 325.7137451171875, 8.624664306640625, 11.281158447265625]",2.8748881022135415,1.1281158447265625,1.8008905630056964,UNKNOWN_POST_NMS
260,4253,0,person,"[382.0, 302.0, 4.0, 8.0]",32.0,4.0,8.0,FN,B,,0.4404384195804596,0.2918769990803957,0.20504949986934662,True,False,15252,"[378.4822082519531, 301.3720703125, 10.39886474609375, 10.542999267578125]",2.5997161865234375,1.3178749084472656,1.8509729147946627,UNKNOWN_POST_NMS
261,4262,0,person,"[380.0, 29.0, 4.0, 9.0]",36.0,4.0,9.0,FN,B,,0.5875877737998962,0.46750551557737235,0.43721887469291687,True,False,15328,"[379.0594482421875, 28.730915069580078, 6.67584228515625, 11.5347900390625]",1.6689605712890625,1.2816433376736112,1.4625362207591888,UNKNOWN_POST_NMS
261,4271,0,person,"[395.0, 36.0, 5.0, 8.0]",40.0,5.0,8.0,FN,A,,0.5875877737998962,0.1879194378590064,0.060263741761446,False,False,15359,"[393.93939208984375, 33.50281524658203, 16.204925537109375, 13.135337829589844]",3.240985107421875,1.6419172286987305,2.306822335125092,UNKNOWN_POST_NMS
261,4273,0,person,"[389.0, 34.0, 2.0, 10.0]",20.0,2.0,10.0,FN,A,,0.5875877737998962,0.13199116235730182,0.0649004727602005,False,False,15353,"[386.314453125, 29.277877807617188, 9.46923828125, 13.14493179321289]",4.734619140625,1.314493179321289,2.4947193363253484,UNKNOWN_POST_NMS
262,4277,0,person,"[396.0, 462.0, 6.0, 10.0]",60.0,6.0,10.0,FN,B,,0.5053638219833374,0.4420157569965651,0.2708055377006531,True,False,15432,"[393.75946044921875, 462.7552490234375, 10.35186767578125, 11.6846923828125]",1.725311279296875,1.16846923828125,1.4198496949741084,UNKNOWN_POST_NMS
262,4292,0,person,"[431.0, 27.0, 5.0, 11.0]",55.0,5.0,11.0,FN,A,,0.5053638219833374,0.0,0.5053638219833374,False,False,15420,"[357.7812194824219, 367.58135986328125, 7.84918212890625, 13.972869873046875]",1.56983642578125,1.2702608975497158,1.412126703670435,UNKNOWN_POST_NMS
262,4295,0,person,"[406.0, 67.0, 4.0, 10.0]",40.0,4.0,10.0,FN,A,,0.5053638219833374,0.0,0.5053638219833374,False,False,15420,"[357.7812194824219, 367.58135986328125, 7.84918212890625, 13.972869873046875]",1.9622955322265625,1.3972869873046876,1.6558653364408296,UNKNOWN_POST_NMS
262,4296,0,person,"[414.0, 73.0, 3.0, 7.0]",21.0,3.0,7.0,FN,A,,0.5053638219833374,0.11462989952688118,0.0738547220826149,False,False,15452,"[411.0658264160156, 64.1088638305664, 9.92364501953125, 18.460784912109375]",3.3078816731770835,2.6372549874441966,2.953595679923289,UNKNOWN_POST_NMS
262,4297,0,person,"[383.0, 54.0, 4.0, 8.0]",32.0,4.0,8.0,FN,B,,0.5053638219833374,0.4161889426336237,0.27088111639022827,True,False,15431,"[381.6337585449219, 53.88804626464844, 6.8489990234375, 11.226188659667969]",1.712249755859375,1.403273582458496,1.550082207164662,UNKNOWN_POST_NMS
262,4299,0,person,"[392.0, 51.0, 4.0, 9.0]",36.0,4.0,9.0,FN,A,,0.5053638219833374,0.20138303450396328,0.18198922276496887,False,False,15435,"[387.2612609863281, 52.77470397949219, 10.55413818359375, 12.92523193359375]",2.6385345458984375,1.4361368815104167,1.946611613677491,UNKNOWN_POST_NMS
264,4330,0,person,"[347.0, 78.0, 5.0, 12.0]",60.0,5.0,12.0,FN,B,,0.6218181848526001,0.4912284820503688,0.2662588953971863,True,False,15639,"[347.6679382324219, 77.86700439453125, 7.68841552734375, 12.721832275390625]",1.53768310546875,1.0601526896158855,1.276784586388637,UNKNOWN_POST_NMS
264,4336,0,person,"[448.0, 111.0, 5.0, 9.0]",45.0,5.0,9.0,FN,A,,0.6218181848526001,0.0,0.6218181848526001,False,False,15620,"[373.00384521484375, 464.3755798339844, 8.285369873046875, 13.718963623046875]",1.657073974609375,1.5243292914496527,1.5893163302489435,UNKNOWN_POST_NMS
267,4397,0,person,"[235.0, 282.0, 5.0, 10.0]",50.0,5.0,10.0,FN,B,,0.650497317314148,0.38396353374855624,0.5054030418395996,True,False,15922,"[236.0365753173828, 279.76513671875, 7.3645782470703125, 12.6087646484375]",1.4729156494140625,1.26087646484375,1.3627782934308277,UNKNOWN_POST_NMS
271,4489,0,person,"[463.0, 276.0, 5.0, 12.0]",60.0,5.0,12.0,FN,B,,0.5755323767662048,0.4328026725353265,0.32825884222984314,True,False,16339,"[462.2748718261719, 277.78955078125, 8.852691650390625, 12.313720703125]",1.770538330078125,1.0261433919270833,1.347896957323994,UNKNOWN_POST_NMS
273,4545,0,person,"[393.0, 195.0, 5.0, 11.0]",55.0,5.0,11.0,FN,B,,0.6225677132606506,0.46102901091455967,0.14112809300422668,True,False,16554,"[393.0289306640625, 195.9157257080078, 8.14349365234375, 12.75421142578125]",1.62869873046875,1.1594737659801135,1.3742028418918482,UNKNOWN_POST_NMS
274,4564,0,person,"[320.0, 211.0, 5.0, 8.0]",40.0,5.0,8.0,FN,B,,0.630484402179718,0.45943378425019715,0.26381900906562805,True,False,16640,"[318.3887939453125, 209.84130859375, 7.442352294921875, 11.698410034179688]",1.488470458984375,1.462301254272461,1.4753278344559073,UNKNOWN_POST_NMS
274,4565,0,person,"[392.0, 175.0, 4.0, 11.0]",44.0,4.0,11.0,TP,D,16624,0.630484402179718,0.5158464277389126,0.49621936678886414,True,True,16624,"[389.95855712890625, 175.10577392578125, 6.6861572265625, 12.571258544921875]",1.671539306640625,1.1428416859019885,1.3821377642089854,UNKNOWN_POST_NMS
274,4570,0,person,"[390.0, 224.0, 5.0, 11.0]",55.0,5.0,11.0,FN,B,,0.630484402179718,0.42692999312828184,0.16520777344703674,True,False,16651,"[389.6853332519531, 224.50112915039062, 10.32940673828125, 11.661087036132812]",2.06588134765625,1.0600988214666194,1.4798778266939003,UNKNOWN_POST_NMS
274,4571,0,person,"[394.0, 223.0, 5.0, 12.0]",60.0,5.0,12.0,FN,B,,0.630484402179718,0.4102475346379581,0.16520777344703674,True,False,16651,"[389.6853332519531, 224.50112915039062, 10.32940673828125, 11.661087036132812]",2.06588134765625,0.9717572530110677,1.4168751474442765,UNKNOWN_POST_NMS
274,4572,0,person,"[397.0, 212.0, 5.0, 10.0]",50.0,5.0,10.0,FN,A,,0.630484402179718,0.17662785640826892,0.13510045409202576,False,False,16654,"[390.5501403808594, 208.18365478515625, 9.3365478515625, 12.471694946289062]",1.8673095703125,1.2471694946289062,1.5260575130454161,UNKNOWN_POST_NMS
274,4579,0,person,"[383.0, 441.0, 6.0, 10.0]",60.0,6.0,10.0,TP,D,16643,0.630484402179718,0.5460232935882805,0.2347501814365387,True,True,16643,"[382.41693115234375, 438.10101318359375, 8.494781494140625, 12.935638427734375]",1.4157969156901042,1.2935638427734375,1.3533010377764705,UNKNOWN_POST_NMS
274,4580,0,person,"[390.0, 441.0, 4.0, 10.0]",40.0,4.0,10.0,FN,A,,0.630484402179718,0.0647669024808776,0.2347501814365387,False,False,16643,"[382.41693115234375, 438.10101318359375, 8.494781494140625, 12.935638427734375]",2.1236953735351562,1.2935638427734375,1.6574485054656471,UNKNOWN_POST_NMS
275,4600,0,person,"[404.0, 226.0, 4.0, 11.0]",44.0,4.0,11.0,FN,B,,0.5895826816558838,0.29084244187583175,0.16472682356834412,True,False,16751,"[404.4714050292969, 221.2906951904297, 7.524566650390625, 17.046844482421875]",1.8811416625976562,1.549713134765625,1.7074044461938225,UNKNOWN_POST_NMS
275,4604,0,person,"[258.0, 276.0, 6.0, 10.0]",60.0,6.0,10.0,TP,D,16752,0.5895826816558838,0.5473881377750592,0.15746113657951355,True,True,16752,"[258.8843688964844, 275.5550231933594, 7.2144775390625, 11.72802734375]",1.2024129231770833,1.172802734375,1.1875155426982504,UNKNOWN_POST_NMS
276,4624,0,person,"[440.0, 223.0, 5.0, 12.0]",60.0,5.0,12.0,TP,D,16834,0.5972545742988586,0.6037090406950506,0.3814953565597534,True,True,16834,"[438.8198547363281, 223.10086059570312, 7.711883544921875, 12.713623046875]",1.542376708984375,1.0594685872395833,1.278319081004001,UNKNOWN_POST_NMS
276,4626,0,person,"[237.0, 211.0, 6.0, 10.0]",60.0,6.0,10.0,TP,D,16836,0.5972545742988586,0.6215117687794788,0.3335900604724884,True,True,16836,"[237.0633087158203, 208.4575653076172, 7.521026611328125, 12.616241455078125]",1.2535044352213542,1.2616241455078125,1.257557737034922,UNKNOWN_POST_NMS
277,4635,0,person,"[361.0, 356.0, 5.0, 11.0]",55.0,5.0,11.0,TP,D,16927,0.5649806261062622,0.5590232487360571,0.4373759925365448,True,True,16927,"[358.2593994140625, 354.9946594238281, 7.987762451171875, 12.31707763671875]",1.597552490234375,1.1197343306107954,1.3374731280546153,UNKNOWN_POST_NMS
279,4671,0,person,"[366.0, 338.0, 5.0, 12.0]",60.0,5.0,12.0,TP,D,17132,0.6293434500694275,0.6674697775748462,0.3753588795661926,True,True,17132,"[364.9455261230469, 337.8528747558594, 7.025482177734375, 11.314208984375]",1.405096435546875,0.9428507486979166,1.1509979262571002,UNKNOWN_POST_NMS
285,4801,0,person,"[390.0, 223.0, 6.0, 10.0]",60.0,6.0,10.0,FN,B,,0.5958569049835205,0.47057309179503176,0.1027994304895401,True,False,17763,"[387.2266540527344, 219.35284423828125, 8.574554443359375, 13.19989013671875]",1.4290924072265625,1.319989013671875,1.3734577813172693,UNKNOWN_POST_NMS
286,4822,0,person,"[373.0, 18.0, 6.0, 9.0]",54.0,6.0,9.0,FN,A,,0.5594120621681213,0.0,0.5594120621681213,False,False,17820,"[356.7162780761719, 353.64666748046875, 7.098968505859375, 11.88751220703125]",1.1831614176432292,1.3208346896701388,1.2501042532134974,UNKNOWN_POST_NMS
293,4941,0,person,"[369.0, 110.0, 6.0, 10.0]",60.0,6.0,10.0,FN,B,,0.5638300180435181,0.4898083201584266,0.21024514734745026,True,False,18540,"[366.5312805175781, 110.09326171875, 8.0198974609375, 13.375579833984375]",1.3366495768229167,1.3375579833984375,1.337103702966092,UNKNOWN_POST_NMS
307,5109,0,person,"[274.0, 418.0, 7.0, 9.0]",63.0,7.0,9.0,TP,D,19599,0.4725267291069031,0.6450761742650678,0.4371260106563568,True,True,19599,"[272.7489013671875, 416.68603515625, 9.082366943359375, 10.753021240234375]",1.2974809919084822,1.1947801378038194,1.2450720936195834,UNKNOWN_POST_NMS
311,5155,0,person,"[0.0, 376.0, 6.0, 9.0]",54.0,6.0,9.0,FN,A,,0.4761701822280884,0.0,0.4761701822280884,False,False,19947,"[570.964111328125, 223.671875, 9.7178955078125, 12.97210693359375]",1.6196492513020833,1.44134521484375,1.527898458042785,UNKNOWN_POST_NMS
311,5161,0,person,"[591.0, 199.0, 6.0, 9.0]",54.0,6.0,9.0,FN,B,,0.4761701822280884,0.25592907692485045,0.3557625114917755,True,False,19957,"[593.0379638671875, 194.56317138671875, 8.64642333984375, 13.992752075195312]",1.441070556640625,1.554750230577257,1.4968315804442087,UNKNOWN_POST_NMS
311,5162,0,person,"[589.0, 213.0, 7.0, 8.0]",56.0,7.0,8.0,FN,B,,0.4761701822280884,0.49146628672269277,0.42545250058174133,True,False,19950,"[589.2877807617188, 211.12481689453125, 8.82269287109375, 12.123062133789062]",1.2603846958705358,1.5153827667236328,1.3820149230614034,UNKNOWN_POST_NMS
311,5169,0,person,"[436.0, 245.0, 6.0, 10.0]",60.0,6.0,10.0,TP,D,19955,0.4761701822280884,0.5438263343133837,0.36554452776908875,True,True,19955,"[435.8438720703125, 246.23403930664062, 7.83184814453125, 11.4034423828125]",1.3053080240885417,1.14034423828125,1.2200411814572703,UNKNOWN_POST_NMS
349,5448,0,person,"[58.0, 21.0, 5.0, 11.0]",55.0,5.0,11.0,FN,A,,0.6874015927314758,0.06705172932657708,0.16064822673797607,False,False,22316,"[61.29122543334961, 20.344379425048828, 11.64944076538086, 20.955955505371094]",2.3298881530761717,1.9050868641246448,2.106807849640077,UNKNOWN_POST_NMS
349,5449,0,person,"[65.0, 19.0, 4.0, 11.0]",44.0,4.0,11.0,FN,A,,0.6874015927314758,0.1547978654710538,0.16064822673797607,False,False,22316,"[61.29122543334961, 20.344379425048828, 11.64944076538086, 20.955955505371094]",2.912360191345215,1.9050868641246448,2.355482783662684,UNKNOWN_POST_NMS
350,5474,0,person,"[56.0, 91.0, 5.0, 12.0]",60.0,5.0,12.0,FN,B,,0.6348782181739807,0.4526050250768258,0.09471819549798965,True,False,22419,"[55.9776611328125, 91.39666748046875, 9.220458984375, 13.68701171875]",1.844091796875,1.1405843098958333,1.4502903742089854,UNKNOWN_POST_NMS
350,5481,0,person,"[275.0, 502.0, 6.0, 9.0]",54.0,6.0,9.0,FN,B,,0.6348782181739807,0.4418797474556557,0.44952675700187683,True,False,22397,"[272.5103454589844, 500.69354248046875, 11.230010986328125, 10.88201904296875]",1.8716684977213542,1.2091132269965277,1.5043467476441759,UNKNOWN_POST_NMS
351,5493,0,person,"[5.0, 73.0, 5.0, 11.0]",55.0,5.0,11.0,TP,D,22496,0.6372890472412109,0.5331415626908205,0.47829338908195496,True,True,22496,"[3.397998809814453, 72.40106964111328, 8.160593032836914, 12.641494750976562]",1.6321186065673827,1.149226795543324,1.3695526408912029,UNKNOWN_POST_NMS
357,5593,0,person,"[135.0, 66.0, 6.0, 10.0]",60.0,6.0,10.0,FN,B,,0.5714454650878906,0.4070014209175907,0.17716224491596222,True,False,23048,"[131.40248107910156, 62.64390182495117, 8.918258666992188, 13.89706802368164]",1.486376444498698,1.389706802368164,1.4372290895329272,UNKNOWN_POST_NMS
358,5609,0,person,"[160.0, 130.0, 5.0, 12.0]",60.0,5.0,12.0,FN,B,,0.5528387427330017,0.35556528689551603,0.4366970658302307,True,False,23114,"[161.6359405517578, 130.02381896972656, 7.807037353515625, 11.988815307617188]",1.561407470703125,0.9990679423014323,1.2489804437417966,UNKNOWN_POST_NMS
360,5646,0,person,"[177.0, 243.0, 6.0, 10.0]",60.0,6.0,10.0,FN,B,,0.6129488945007324,0.30441526121069046,0.2759492099285126,True,False,23286,"[175.51571655273438, 242.1896514892578, 9.865127563476562, 19.979385375976562]",1.6441879272460938,1.9979385375976562,1.8124531505387338,UNKNOWN_POST_NMS
376,5755,0,person,"[168.0, 273.0, 5.0, 11.0]",55.0,5.0,11.0,FN,B,,0.45221641659736633,0.3300647665172607,0.4025745689868927,True,False,24595,"[163.0312042236328, 272.1367492675781, 11.403793334960938, 14.612152099609375]",2.2807586669921873,1.3283774636008523,1.740605760402034,UNKNOWN_POST_NMS
380,5776,0,person,"[292.0, 451.0, 6.0, 10.0]",60.0,6.0,10.0,FN,B,,0.46928781270980835,0.44259406857363526,0.4187893569469452,True,False,24925,"[291.0281677246094, 450.21923828125, 10.711700439453125, 12.655731201171875]",1.7852834065755208,1.2655731201171876,1.5031322932973077,UNKNOWN_POST_NMS
385,5828,0,person,"[355.0, 349.0, 5.0, 12.0]",60.0,5.0,12.0,FN,A,,0.5654346346855164,0.21332944472235402,0.4418030083179474,False,False,25413,"[356.5390319824219, 345.19073486328125, 10.16192626953125, 14.175048828125]",2.03238525390625,1.1812540690104167,1.54943968936307,UNKNOWN_POST_NMS
393,5911,0,person,"[176.0, 118.0, 6.0, 10.0]",60.0,6.0,10.0,FN,B,,0.5299198031425476,0.38553985972369853,0.24059399962425232,True,False,26172,"[177.21339416503906, 117.85890197753906, 8.748947143554688, 12.803756713867188]",1.4581578572591145,1.2803756713867187,1.3663783683431021,UNKNOWN_POST_NMS
397,5953,0,person,"[424.0, 131.0, 5.0, 11.0]",55.0,5.0,11.0,TP,D,26565,0.6324019432067871,0.5400029841769136,0.41181278228759766,True,True,26565,"[422.3729248046875, 131.02435302734375, 7.9346923828125, 12.792434692382812]",1.5869384765625,1.1629486083984375,1.3585020768965705,UNKNOWN_POST_NMS
400,6007,0,person,"[435.0, 122.0, 5.0, 10.0]",50.0,5.0,10.0,FN,B,,0.6413335800170898,0.4302679432789646,0.27846431732177734,True,False,26877,"[433.748046875, 120.2494888305664, 9.108642578125, 10.529075622558594]",1.821728515625,1.0529075622558595,1.3849591078723964,UNKNOWN_POST_NMS
401,6023,0,person,"[400.0, 165.0, 5.0, 12.0]",60.0,5.0,12.0,FN,B,,0.6191554665565491,0.31031640329025445,0.25229933857917786,True,False,26974,"[399.2229309082031, 163.01181030273438, 13.572296142578125, 13.524124145507812]",2.714459228515625,1.1270103454589844,1.749063644600654,UNKNOWN_POST_NMS
402,6041,0,person,"[438.0, 150.0, 6.0, 8.0]",48.0,6.0,8.0,FN,A,,0.5351047515869141,0.1835528488137215,0.2228640615940094,False,False,27076,"[439.8434143066406, 150.4521942138672, 12.934051513671875, 11.9293212890625]",2.155675252278646,1.4911651611328125,1.7928937042987527,UNKNOWN_POST_NMS
403,6061,0,person,"[274.0, 379.0, 6.0, 10.0]",60.0,6.0,10.0,FN,B,,0.5731309056282043,0.39489156987827634,0.18274858593940735,True,False,27181,"[270.2803955078125, 378.1218566894531, 13.163909912109375, 9.78955078125]",2.1939849853515625,0.978955078125,1.4655417915364666,UNKNOWN_POST_NMS
404,6072,0,person,"[405.0, 75.0, 5.0, 12.0]",60.0,5.0,12.0,FN,B,,0.6106575131416321,0.39564081183249594,0.11662665009498596,True,False,27286,"[401.8918151855469, 72.31043243408203, 10.050933837890625, 14.161170959472656]",2.010186767578125,1.1800975799560547,1.5402001622122463,UNKNOWN_POST_NMS
408,6117,0,person,"[194.0, 459.0, 6.0, 8.0]",48.0,6.0,8.0,FN,A,,0.549473762512207,0.17928642989495544,0.47745993733406067,False,False,27662,"[187.05751037597656, 460.1153564453125, 13.94451904296875, 16.042816162109375]",2.3240865071614585,2.005352020263672,2.1588449625676622,UNKNOWN_POST_NMS
408,6137,0,person,"[228.0, 372.0, 5.0, 9.0]",45.0,5.0,9.0,FN,A,,0.549473762512207,0.0,0.549473762512207,False,False,27658,"[301.53704833984375, 243.80441284179688, 7.918365478515625, 13.679718017578125]",1.583673095703125,1.5199686686197917,1.551493953196358,UNKNOWN_POST_NMS
411,6177,0,person,"[299.0, 467.0, 6.0, 10.0]",60.0,6.0,10.0,FN,B,,0.5066788792610168,0.26098497593776226,0.1221662163734436,True,False,27986,"[289.2242126464844, 463.7528991699219, 17.20672607421875, 13.080841064453125]",2.8677876790364585,1.3080841064453126,1.936829234498303,UNKNOWN_POST_NMS
413,6218,0,person,"[291.0, 438.0, 6.0, 9.0]",54.0,6.0,9.0,FN,B,,0.5708234906196594,0.4772346089156765,0.46510350704193115,True,False,28156,"[290.58984375, 435.20794677734375, 8.914794921875, 12.692596435546875]",1.4857991536458333,1.4102884928385417,1.4475515358894697,UNKNOWN_POST_NMS
415,6253,0,person,"[263.0, 470.0, 7.0, 9.0]",63.0,7.0,9.0,FN,A,,0.5562352538108826,0.09679421245685689,0.2562589943408966,False,False,28352,"[266.028076171875, 473.57781982421875, 10.050262451171875, 18.01287841796875]",1.4357517787388392,2.001430935329861,1.6951572273458255,UNKNOWN_POST_NMS
416,6269,0,person,"[200.0, 351.0, 7.0, 8.0]",56.0,7.0,8.0,TP,D,28440,0.6994137763977051,0.5451778046309915,0.2964935600757599,True,True,28440,"[200.4198455810547, 351.05206298828125, 8.7362060546875, 10.5570068359375]",1.2480294363839286,1.3196258544921875,1.2833284503273295,UNKNOWN_POST_NMS
416,6274,0,person,"[265.0, 432.0, 4.0, 13.0]",52.0,4.0,13.0,FN,A,,0.6994137763977051,0.1588535544025872,0.097945436835289,False,False,28461,"[261.62335205078125, 430.96380615234375, 16.591094970703125, 19.730194091796875]",4.147773742675781,1.5177072378305287,2.5090050279229126,UNKNOWN_POST_NMS
416,6279,0,person,"[365.0, 312.0, 8.0, 8.0]",64.0,8.0,8.0,TP,D,28415,0.6994137763977051,0.5216136387567958,0.5977134108543396,True,True,28415,"[363.72943115234375, 311.1662902832031, 10.221588134765625, 12.003631591796875]",1.2776985168457031,1.5004539489746094,1.3846038369151432,UNKNOWN_POST_NMS
416,6283,0,person,"[385.0, 167.0, 8.0, 7.0]",56.0,8.0,7.0,FN,A,,0.6994137763977051,0.15955457382554875,0.47886621952056885,False,False,28424,"[383.780517578125, 170.17633056640625, 9.6988525390625, 17.14703369140625]",1.2123565673828125,2.4495762416294644,1.7232991161851121,UNKNOWN_POST_NMS
416,6295,0,person,"[588.0, 72.0, 6.0, 9.0]",54.0,6.0,9.0,TP,D,28420,0.6994137763977051,0.5825487799110391,0.5159674882888794,True,True,28420,"[587.9446411132812, 69.86433410644531, 7.98553466796875, 11.608001708984375]",1.3309224446614583,1.2897779676649306,1.3101887061775097,UNKNOWN_POST_NMS
416,6297,0,person,"[571.0, 17.0, 5.0, 8.0]",40.0,5.0,8.0,FN,B,,0.6994137763977051,0.4829713010532705,0.3254256546497345,True,False,28437,"[571.1543579101562, 16.15054702758789, 7.64459228515625, 10.337894439697266]",1.52891845703125,1.2922368049621582,1.4056047459943124,UNKNOWN_POST_NMS
417,6298,0,person,"[193.0, 357.0, 6.0, 9.0]",54.0,6.0,9.0,FN,B,,0.6356463432312012,0.3403710783943282,0.23011349141597748,True,False,28541,"[193.35496520996094, 356.88726806640625, 13.35931396484375, 10.933929443359375]",2.2265523274739585,1.2148810492621527,1.6446872735686413,UNKNOWN_POST_NMS
417,6304,0,person,"[199.0, 387.0, 7.0, 8.0]",56.0,7.0,8.0,TP,D,28526,0.6356463432312012,0.6137372909427665,0.46604642271995544,True,True,28526,"[198.34542846679688, 385.3226623535156, 8.3143310546875, 10.974334716796875]",1.1877615792410714,1.3717918395996094,1.2764645086303208,UNKNOWN_POST_NMS
417,6314,0,person,"[311.0, 383.0, 8.0, 8.0]",64.0,8.0,8.0,FN,B,,0.6356463432312012,0.41683268808596224,0.4046701490879059,True,False,28529,"[312.64556884765625, 381.9770202636719, 8.88433837890625, 12.245361328125]",1.1105422973632812,1.530670166015625,1.303792147035879,UNKNOWN_POST_NMS
417,6327,0,person,"[480.0, 142.0, 5.0, 11.0]",55.0,5.0,11.0,FN,B,,0.6356463432312012,0.442326720205509,0.38390007615089417,True,False,28531,"[478.5819091796875, 141.40785217285156, 9.484893798828125, 13.109527587890625]",1.896978759765625,1.1917752352627842,1.503586481619259,UNKNOWN_POST_NMS
417,6330,0,person,"[576.0, 28.0, 7.0, 8.0]",56.0,7.0,8.0,TP,D,28547,0.6356463432312012,0.5756288214823716,0.17704521119594574,True,True,28547,"[574.1439208984375, 27.4561767578125, 8.4061279296875, 10.400978088378906]",1.2008754185267858,1.3001222610473633,1.24951385121224,UNKNOWN_POST_NMS
419,6367,0,person,"[234.0, 186.0, 6.0, 8.0]",48.0,6.0,8.0,FN,B,,0.6699659824371338,0.26483017805266473,0.4895312786102295,True,False,28722,"[226.32398986816406, 185.5124969482422, 13.655303955078125, 13.215164184570312]",2.275883992513021,1.651895523071289,1.9389488333274476,UNKNOWN_POST_NMS
419,6388,0,person,"[432.0, 103.0, 6.0, 10.0]",60.0,6.0,10.0,FN,A,,0.6699659824371338,0.20194012735106673,0.1477782130241394,False,False,28744,"[426.9023132324219, 102.86629486083984, 8.957000732421875, 18.946624755859375]",1.4928334554036458,1.8946624755859376,1.6817893834403226,UNKNOWN_POST_NMS
421,6417,0,person,"[512.0, 191.0, 5.0, 9.0]",45.0,5.0,9.0,TP,D,28905,0.3780641257762909,0.5203208274183082,0.3694637417793274,True,True,28905,"[510.4973449707031, 190.4649200439453, 7.284210205078125, 11.872955322265625]",1.456842041015625,1.3192172580295138,1.3863228926663345,UNKNOWN_POST_NMS
422,6422,0,person,"[441.0, 210.0, 6.0, 9.0]",54.0,6.0,9.0,FN,B,,0.4304959177970886,0.4650297118302677,0.3254307508468628,True,False,28942,"[438.4353332519531, 209.5590057373047, 7.675140380859375, 11.843475341796875]",1.2791900634765625,1.3159417046440973,1.2974357605273328,UNKNOWN_POST_NMS
424,6432,0,person,"[290.0, 482.0, 6.0, 10.0]",60.0,6.0,10.0,FN,B,,0.4993736147880554,0.3567091346303993,0.2173701524734497,True,False,29046,"[286.2430419921875, 480.33160400390625, 10.49591064453125, 16.02569580078125]",1.7493184407552083,1.602569580078125,1.6743370386585834,UNKNOWN_POST_NMS
427,6444,0,person,"[227.0, 137.0, 5.0, 11.0]",55.0,5.0,11.0,FN,B,,0.41637590527534485,0.4260807265177382,0.37451010942459106,True,False,29194,"[227.5419921875, 139.8408660888672, 7.3168792724609375, 9.12152099609375]",1.4633758544921875,0.8292291814630682,1.1015779418603908,UNKNOWN_POST_NMS
427,6445,0,person,"[238.0, 127.0, 4.0, 10.0]",40.0,4.0,10.0,FN,B,,0.41637590527534485,0.475119775759921,0.3847236633300781,True,False,29193,"[236.28810119628906, 126.49547576904297, 7.5227813720703125, 11.191246032714844]",1.8806953430175781,1.1191246032714843,1.4507695990849392,UNKNOWN_POST_NMS
428,6448,0,person,"[218.0, 284.0, 6.0, 8.0]",48.0,6.0,8.0,FN,B,,0.5525333881378174,0.4717387116129939,0.4097098708152771,True,False,29228,"[219.05677795410156, 282.8078918457031, 7.11376953125, 10.595733642578125]",1.1856282552083333,1.3244667053222656,1.2531261504384814,UNKNOWN_POST_NMS
431,6455,0,person,"[476.0, 458.0, 7.0, 9.0]",63.0,7.0,9.0,FN,B,,0.4641181528568268,0.30909586044140697,0.18387915194034576,True,False,29336,"[477.4823913574219, 457.3973388671875, 9.05474853515625, 16.269439697265625]",1.2935355050223214,1.8077155219184027,1.5291645466009898,UNKNOWN_POST_NMS
431,6456,0,person,"[480.0, 468.0, 8.0, 8.0]",64.0,8.0,8.0,FN,B,,0.4641181528568268,0.25227613125228077,0.061542022973299026,True,False,29348,"[479.7403259277344, 462.9275817871094, 12.531219482421875, 20.244659423828125]",1.5664024353027344,2.5305824279785156,1.9909571763149134,UNKNOWN_POST_NMS
431,6458,0,person,"[487.0, 446.0, 6.0, 9.0]",54.0,6.0,9.0,FN,A,,0.4641181528568268,0.0,0.4641181528568268,False,False,29334,"[435.15081787109375, 494.671142578125, 11.050079345703125, 12.123809814453125]",1.8416798909505208,1.3470899793836806,1.5750900057875665,UNKNOWN_POST_NMS
433,6466,0,person,"[381.0, 439.0, 6.0, 9.0]",54.0,6.0,9.0,FN,A,,0.3037627041339874,0.22229988508410073,0.2669922709465027,False,False,29420,"[370.81390380859375, 438.0491027832031, 14.918792724609375, 12.078826904296875]",2.4864654541015625,1.3420918782552083,1.8267635565425142,UNKNOWN_POST_NMS
435,6470,0,person,"[357.0, 429.0, 5.0, 10.0]",50.0,5.0,10.0,FN,B,,0.26388606429100037,0.2548779108892349,0.0975886657834053,True,False,29498,"[352.16217041015625, 421.5756530761719, 9.99029541015625, 15.91357421875]",1.99805908203125,1.591357421875,1.7831506244664748,UNKNOWN_POST_NMS
435,6472,0,person,"[353.0, 440.0, 8.0, 8.0]",64.0,8.0,8.0,FN,B,,0.26388606429100037,0.4824072544460134,0.15245094895362854,True,False,29495,"[353.6443786621094, 439.9046936035156, 9.628326416015625, 12.1336669921875]",1.2035408020019531,1.5167083740234375,1.3510812014365554,UNKNOWN_POST_NMS
440,6492,0,person,"[318.0, 243.0, 6.0, 8.0]",48.0,6.0,8.0,FN,B,,0.37106066942214966,0.2587473021244302,0.14375512301921844,True,False,29685,"[313.02532958984375, 242.06707763671875, 11.63226318359375, 15.94781494140625]",1.9387105305989583,1.9934768676757812,1.9659029975734976,UNKNOWN_POST_NMS
440,6493,0,person,"[317.0, 251.0, 6.0, 10.0]",60.0,6.0,10.0,FN,A,,0.37106066942214966,0.2069088174726545,0.14375512301921844,False,False,29685,"[313.02532958984375, 242.06707763671875, 11.63226318359375, 15.94781494140625]",1.9387105305989583,1.594781494140625,1.758357095897978,UNKNOWN_POST_NMS
441,6496,0,person,"[287.0, 240.0, 4.0, 9.0]",36.0,4.0,9.0,FN,A,,0.2756619155406952,0.15402160008194657,0.2728401720523834,False,False,29720,"[284.86993408203125, 236.5225830078125, 15.52490234375, 15.055389404296875]",3.8812255859375,1.672821044921875,2.548057267850447,UNKNOWN_POST_NMS
441,6497,0,person,"[291.0, 235.0, 5.0, 8.0]",40.0,5.0,8.0,FN,A,,0.2756619155406952,0.13475998928864155,0.16984941065311432,False,False,29722,"[291.97442626953125, 234.4241943359375, 15.72528076171875, 14.7012939453125]",3.14505615234375,1.8376617431640625,2.4040693357856537,UNKNOWN_POST_NMS
443,6503,0,person,"[376.0, 453.0, 8.0, 8.0]",64.0,8.0,8.0,TP,D,29806,0.4934719204902649,0.5654000872738638,0.3761802911758423,True,True,29806,"[375.984130859375, 451.7958679199219, 9.323822021484375, 12.14031982421875]",1.1654777526855469,1.5175399780273438,1.3299094266910747,UNKNOWN_POST_NMS
507,6992,0,person,"[368.0, 494.0, 8.0, 8.0]",64.0,8.0,8.0,TP,D,33871,0.3173292279243469,0.5466698453362074,0.237473264336586,True,True,33871,"[364.8701477050781, 493.6959533691406, 10.77972412109375, 10.125274658203125]",1.3474655151367188,1.2656593322753906,1.3059220130436788,UNKNOWN_POST_NMS
508,6994,0,person,"[242.0, 327.0, 7.0, 8.0]",56.0,7.0,8.0,TP,D,33898,0.4130702614784241,0.5367487687048048,0.4130702614784241,True,True,33898,"[242.6261444091797, 325.99652099609375, 8.169876098632812, 11.014892578125]",1.1671251569475447,1.376861572265625,1.267663117167002,UNKNOWN_POST_NMS
510,7002,0,person,"[45.0, 266.0, 5.0, 10.0]",50.0,5.0,10.0,FN,B,,0.5872392654418945,0.4761090240915775,0.26730549335479736,True,False,33966,"[44.547664642333984, 264.8442077636719, 8.614097595214844, 12.19140625]",1.7228195190429687,1.219140625,1.449261627591183,UNKNOWN_POST_NMS
510,7008,0,person,"[322.0, 479.0, 5.0, 11.0]",55.0,5.0,11.0,FN,B,,0.5872392654418945,0.304381856602376,0.1648532599210739,True,False,33968,"[322.13916015625, 479.79400634765625, 11.683380126953125, 13.488800048828125]",2.336676025390625,1.2262545498934658,1.6927373120960716,UNKNOWN_POST_NMS
511,7014,0,person,"[0.0, 301.0, 3.0, 16.0]",48.0,3.0,16.0,FN,B,,0.5918865203857422,0.30855051084375723,0.13048210740089417,True,False,34062,"[0.0, 301.3165588378906, 9.426136016845703, 14.559814453125]",3.142045338948568,0.9099884033203125,1.6909242505653046,UNKNOWN_POST_NMS
511,7019,0,person,"[325.0, 260.0, 6.0, 10.0]",60.0,6.0,10.0,FN,B,,0.5918865203857422,0.4564727539815404,0.5573920011520386,True,False,34045,"[322.21795654296875, 260.4605407714844, 9.0010986328125, 13.623443603515625]",1.50018310546875,1.3623443603515626,1.429603439150188,UNKNOWN_POST_NMS
514,7037,0,person,"[377.0, 453.0, 7.0, 8.0]",56.0,7.0,8.0,FN,A,,0.4691750705242157,0.17574428466775094,0.08906558901071548,False,False,34321,"[364.2494812011719, 446.4823303222656, 19.75, 16.13250732421875]",2.8214285714285716,2.0165634155273438,2.385286070195027,UNKNOWN_POST_NMS
517,7046,0,person,"[74.0, 490.0, 5.0, 11.0]",55.0,5.0,11.0,FN,B,,0.3829773962497711,0.47720446319233395,0.10378947108983994,True,False,34442,"[72.50543212890625, 489.4472351074219, 9.537025451660156, 12.0849609375]",1.9074050903320312,1.0986328125,1.447597257170756,UNKNOWN_POST_NMS
517,7049,0,person,"[160.0, 60.0, 6.0, 8.0]",48.0,6.0,8.0,FN,B,,0.3829773962497711,0.49921941788713137,0.20211389660835266,True,False,34435,"[158.6896209716797, 58.78096008300781, 8.80792236328125, 10.91632080078125]",1.467987060546875,1.3645401000976562,1.4153187664058924,UNKNOWN_POST_NMS
517,7051,0,person,"[65.0, 136.0, 6.0, 10.0]",60.0,6.0,10.0,FN,A,,0.3829773962497711,0.0,0.3829773962497711,False,False,34426,"[83.5030746459961, 112.58516693115234, 10.043441772460938, 12.285934448242188]",1.673906962076823,1.2285934448242188,1.4340680321564967,UNKNOWN_POST_NMS
517,7054,0,person,"[35.0, 0.0, 5.0, 8.0]",40.0,5.0,8.0,FN,A,,0.3829773962497711,0.13722021604683649,0.2701979875564575,False,False,34431,"[36.95532989501953, 0.41234874725341797, 10.380615234375, 14.59048843383789]",2.076123046875,1.8238110542297363,1.9458818470893207,UNKNOWN_POST_NMS
517,7055,0,person,"[44.0, 6.0, 6.0, 9.0]",54.0,6.0,9.0,FN,B,,0.3829773962497711,0.3465884759570991,0.2959953546524048,True,False,34429,"[42.06382751464844, 2.9145145416259766, 11.004756927490234, 14.15791130065918]",1.8341261545817058,1.5731012556287978,1.6986071225430852,UNKNOWN_POST_NMS
517,7056,0,person,"[56.0, 40.0, 4.0, 9.0]",36.0,4.0,9.0,FN,B,,0.3829773962497711,0.3550987406234916,0.09863954782485962,True,False,34444,"[52.677879333496094, 37.8916015625, 8.606025695800781, 11.780147552490234]",2.1515064239501953,1.3089052836100261,1.6781293531874482,UNKNOWN_POST_NMS
517,7057,0,person,"[70.0, 40.0, 4.0, 10.0]",40.0,4.0,10.0,FN,B,,0.3829773962497711,0.4419026431009719,0.12051016092300415,True,False,34440,"[68.8159408569336, 40.13134765625, 7.846641540527344, 11.317371368408203]",1.961660385131836,1.1317371368408202,1.4899945998973168,UNKNOWN_POST_NMS
517,7058,0,person,"[96.0, 4.0, 5.0, 11.0]",55.0,5.0,11.0,FN,B,,0.3829773962497711,0.4667047105054029,0.2753045856952667,True,False,34430,"[94.68595123291016, 2.2453432083129883, 8.466957092285156, 13.918522834777832]",1.6933914184570313,1.2653202577070757,1.4637904447020418,UNKNOWN_POST_NMS
517,7059,0,person,"[104.0, 28.0, 7.0, 9.0]",63.0,7.0,9.0,FN,B,,0.3829773962497711,0.3454878649300671,0.1520228087902069,True,False,34439,"[98.52017211914062, 26.21759033203125, 10.978317260742188, 11.816265106201172]",1.568331037248884,1.3129183451334636,1.43495316649926,UNKNOWN_POST_NMS
518,7068,0,person,"[114.0, 203.0, 6.0, 9.0]",54.0,6.0,9.0,FN,B,,0.5771735906600952,0.46352652200980426,0.43230167031288147,True,False,34512,"[113.67581939697266, 201.4990234375, 9.331336975097656, 12.484619140625]",1.5552228291829426,1.3871799045138888,1.4688001415045597,UNKNOWN_POST_NMS
518,7071,0,person,"[135.0, 261.0, 7.0, 8.0]",56.0,7.0,8.0,FN,B,,0.5771735906600952,0.3908422811040725,0.2755139470100403,True,False,34521,"[135.9909210205078, 259.88690185546875, 9.601608276367188, 11.984466552734375]",1.3716583251953125,1.4980583190917969,1.43346578787579,UNKNOWN_POST_NMS
518,7073,0,person,"[94.0, 298.0, 6.0, 10.0]",60.0,6.0,10.0,FN,B,,0.5771735906600952,0.3246864001936308,0.3165918290615082,True,False,34519,"[91.03755187988281, 293.0816955566406, 10.909523010253906, 16.938751220703125]",1.8182538350423176,1.6938751220703125,1.7549629445623973,UNKNOWN_POST_NMS
518,7077,0,person,"[27.0, 271.0, 6.0, 9.0]",54.0,6.0,9.0,FN,A,,0.5771735906600952,0.0,0.5771735906600952,False,False,34508,"[203.94924926757812, 75.86827850341797, 9.387054443359375, 12.546943664550781]",1.5645090738932292,1.3941048516167536,1.4768512756242533,UNKNOWN_POST_NMS
521,7099,0,person,"[355.0, 52.0, 5.0, 12.0]",60.0,5.0,12.0,FN,A,,0.27070528268814087,0.0,0.27070528268814087,False,False,34688,"[614.2350463867188, 472.3175048828125, 11.78802490234375, 12.346282958984375]",2.35760498046875,1.028856913248698,1.557446044928952,UNKNOWN_POST_NMS
522,7103,0,person,"[373.0, 231.0, 5.0, 11.0]",55.0,5.0,11.0,TP,D,34715,0.38960522413253784,0.5751356173231696,0.23717761039733887,True,True,34715,"[371.5986633300781, 230.98068237304688, 7.398712158203125, 12.9251708984375]",1.479742431640625,1.1750155362215908,1.3186054553140791,UNKNOWN_POST_NMS
523,7105,0,person,"[327.0, 363.0, 7.0, 8.0]",56.0,7.0,8.0,TP,D,34774,0.5276530385017395,0.5217979652595047,0.45387595891952515,True,True,34774,"[325.763427734375, 361.9570007324219, 9.01025390625, 11.9110107421875]",1.2871791294642858,1.4888763427734375,1.3843592578413606,UNKNOWN_POST_NMS
523,7110,0,person,"[340.0, 106.0, 5.0, 11.0]",55.0,5.0,11.0,FN,B,,0.5276530385017395,0.42349905270182314,0.3301425874233246,True,False,34776,"[338.0240478515625, 102.18843078613281, 8.6761474609375, 14.968673706054688]",1.7352294921875,1.3607885187322444,1.5366458181163065,UNKNOWN_POST_NMS
524,7118,0,person,"[412.0, 305.0, 7.0, 8.0]",56.0,7.0,8.0,FN,B,,0.5666200518608093,0.44197297667775903,0.3651018440723419,True,False,34834,"[410.6719970703125, 304.8169860839844, 10.724761962890625, 11.814208984375]",1.5321088518415178,1.476776123046875,1.504188076773751,UNKNOWN_POST_NMS
525,7139,0,person,"[182.0, 43.0, 6.0, 10.0]",60.0,6.0,10.0,TP,D,34916,0.5237951874732971,0.7696540947538565,0.5097005367279053,True,True,34916,"[180.99441528320312, 43.22945022583008, 6.845794677734375, 10.400829315185547]",1.1409657796223958,1.0400829315185547,1.0893571649518878,UNKNOWN_POST_NMS
526,7142,0,person,"[134.0, 180.0, 6.0, 10.0]",60.0,6.0,10.0,TP,D,35021,0.6320558786392212,0.5887372563997111,0.43433403968811035,True,True,35021,"[133.8033905029297, 179.8927764892578, 8.375076293945312, 12.168609619140625]",1.3958460489908855,1.2168609619140625,1.3032845298932203,UNKNOWN_POST_NMS
526,7146,0,person,"[193.0, 138.0, 7.0, 9.0]",63.0,7.0,9.0,TP,D,35019,0.6320558786392212,0.62025997141654,0.4766477644443512,True,True,35019,"[192.95803833007812, 137.6183319091797, 8.559173583984375, 11.866836547851562]",1.2227390834263392,1.3185373942057292,1.2697350923930815,UNKNOWN_POST_NMS
527,7155,0,person,"[139.0, 285.0, 6.0, 10.0]",60.0,6.0,10.0,FN,B,,0.6763314008712769,0.4765038743746219,0.6763314008712769,True,False,35102,"[138.5990447998047, 284.54229736328125, 9.548660278320312, 13.1868896484375]",1.591443379720052,1.31868896484375,1.4486610448999016,UNKNOWN_POST_NMS
527,7164,0,person,"[439.0, 232.0, 7.0, 9.0]",63.0,7.0,9.0,FN,B,,0.6763314008712769,0.3908049837189384,0.07256580144166946,True,False,35120,"[437.1847229003906, 230.33152770996094, 11.8154296875, 13.643661499023438]",1.6879185267857142,1.515962388780382,1.5996315206736627,UNKNOWN_POST_NMS
528,7170,0,person,"[182.0, 314.0, 7.0, 9.0]",63.0,7.0,9.0,TP,D,35160,0.6345469355583191,0.6194208803438251,0.498576283454895,True,True,35160,"[180.97817993164062, 313.7335205078125, 9.15753173828125, 11.106475830078125]",1.3082188197544642,1.2340528700086806,1.2705948170511971,UNKNOWN_POST_NMS
528,7177,0,person,"[459.0, 169.0, 8.0, 7.0]",56.0,8.0,7.0,FN,B,,0.6345469355583191,0.48817272677126017,0.2700442373752594,True,False,35166,"[458.29754638671875, 167.03860473632812, 8.83026123046875, 12.990951538085938]",1.1037826538085938,1.8558502197265625,1.4312425652561647,UNKNOWN_POST_NMS
530,7190,0,person,"[418.0, 197.0, 8.0, 8.0]",64.0,8.0,8.0,TP,D,35258,0.6812520623207092,0.5499181647616029,0.4383344352245331,True,True,35258,"[418.2049255371094, 196.10350036621094, 9.305755615234375, 12.009811401367188]",1.1632194519042969,1.5012264251708984,1.3214597154175907,UNKNOWN_POST_NMS
533,7210,0,person,"[210.0, 333.0, 6.0, 10.0]",60.0,6.0,10.0,FN,B,,0.63230299949646,0.4645686741476615,0.4785521626472473,True,False,35446,"[210.9927215576172, 333.9051818847656, 7.4996337890625, 11.142852783203125]",1.24993896484375,1.1142852783203125,1.1801646441595857,UNKNOWN_POST_NMS
533,7211,0,person,"[185.0, 211.0, 6.0, 10.0]",60.0,6.0,10.0,TP,D,35447,0.63230299949646,0.5147598348349911,0.4518413543701172,True,True,35447,"[184.81492614746094, 209.650146484375, 9.4635009765625, 12.31671142578125]",1.5772501627604167,1.231671142578125,1.3937910568297731,UNKNOWN_POST_NMS
538,7253,0,person,"[405.0, 82.0, 5.0, 12.0]",60.0,5.0,12.0,FN,B,,0.6172026991844177,0.44747034515734097,0.18363197147846222,True,False,35716,"[405.62896728515625, 82.66767120361328, 7.99627685546875, 12.534805297851562]",1.59925537109375,1.0445671081542969,1.2924896743044507,UNKNOWN_POST_NMS
538,7270,0,person,"[293.0, 102.0, 5.0, 12.0]",60.0,5.0,12.0,TP,D,35699,0.6172026991844177,0.5235239034808012,0.41451898217201233,True,True,35699,"[292.33990478515625, 101.32036590576172, 7.7076416015625, 14.869392395019531]",1.5415283203125,1.2391160329182942,1.3820754165011497,UNKNOWN_POST_NMS
539,7279,0,person,"[220.0, 163.0, 4.0, 9.0]",36.0,4.0,9.0,FN,B,,0.5046702027320862,0.4168582662539367,0.4668363332748413,True,False,35794,"[219.55224609375, 162.8475341796875, 7.5312347412109375, 11.466949462890625]",1.8828086853027344,1.2741054958767362,1.5488372715132683,UNKNOWN_POST_NMS
539,7292,0,person,"[343.0, 133.0, 6.0, 9.0]",54.0,6.0,9.0,FN,B,,0.5046702027320862,0.31445536694811155,0.21954463422298431,True,False,35810,"[344.5888977050781, 131.87901306152344, 9.7249755859375, 11.511566162109375]",1.6208292643229167,1.2790629069010417,1.4398411684679484,UNKNOWN_POST_NMS
540,7306,0,person,"[335.0, 155.0, 5.0, 12.0]",60.0,5.0,12.0,TP,D,35894,0.5860018730163574,0.5821288847348115,0.5153452754020691,True,True,35894,"[334.1394958496094, 154.04421997070312, 7.330047607421875, 14.061294555664062]",1.466009521484375,1.1717745463053386,1.310661146870792,UNKNOWN_POST_NMS
541,7330,0,person,"[138.0, 122.0, 4.0, 14.0]",56.0,4.0,14.0,FN,B,,0.5825690031051636,0.4504365816476429,0.4391236901283264,True,False,36000,"[137.69300842285156, 123.43877410888672, 8.006668090820312, 13.212989807128906]",2.001667022705078,0.9437849862234933,1.3744610883716326,UNKNOWN_POST_NMS
541,7333,0,person,"[229.0, 266.0, 5.0, 11.0]",55.0,5.0,11.0,TP,D,35992,0.5825690031051636,0.5142426706781977,0.5825690031051636,True,True,35992,"[228.91395568847656, 265.40692138671875, 8.631927490234375, 12.39044189453125]",1.726385498046875,1.12640380859375,1.3944917354007582,UNKNOWN_POST_NMS
541,7335,0,person,"[338.0, 323.0, 6.0, 10.0]",60.0,6.0,10.0,FN,B,,0.5825690031051636,0.496789242466363,0.3629157245159149,True,False,36006,"[336.8133239746094, 322.0288391113281, 8.705291748046875, 13.873809814453125]",1.4508819580078125,1.3873809814453124,1.418776245523647,UNKNOWN_POST_NMS
541,7338,0,person,"[292.0, 136.0, 5.0, 12.0]",60.0,5.0,12.0,TP,D,36005,0.5825690031051636,0.5822906812548071,0.3775895833969116,True,True,36005,"[290.9152526855469, 137.30426025390625, 7.905517578125, 10.79254150390625]",1.581103515625,0.8993784586588541,1.1924807934985402,UNKNOWN_POST_NMS
541,7340,0,person,"[300.0, 151.0, 4.0, 12.0]",48.0,4.0,12.0,FN,A,,0.5825690031051636,0.0998649595170808,0.20941846072673798,False,False,36016,"[302.5569763183594, 149.68482971191406, 10.706024169921875, 13.330184936523438]",2.6765060424804688,1.1108487447102864,1.7242950378339912,UNKNOWN_POST_NMS
541,7341,0,person,"[306.0, 149.0, 4.0, 11.0]",44.0,4.0,11.0,FN,B,,0.5825690031051636,0.2836709751345964,0.20941846072673798,True,False,36016,"[302.5569763183594, 149.68482971191406, 10.706024169921875, 13.330184936523438]",2.6765060424804688,1.2118349942294033,1.8009674301730951,UNKNOWN_POST_NMS
542,7363,0,person,"[292.0, 151.0, 5.0, 12.0]",60.0,5.0,12.0,TP,D,36100,0.5743708610534668,0.5432104435120633,0.3683805465698242,True,True,36100,"[290.392333984375, 149.9033660888672, 7.757415771484375, 11.722625732421875]",1.551483154296875,0.9768854777018229,1.2311057478265763,UNKNOWN_POST_NMS
542,7373,0,person,"[424.0, 404.0, 5.0, 10.0]",50.0,5.0,10.0,FN,B,,0.5743708610534668,0.28604892543450117,0.2205962836742401,True,False,36109,"[417.1607360839844, 403.6054382324219, 12.856597900390625, 13.59576416015625]",2.571319580078125,1.359576416015625,1.869734061066819,UNKNOWN_POST_NMS
544,7391,0,person,"[226.0, 499.0, 5.0, 12.0]",60.0,5.0,12.0,FN,A,,0.5802584886550903,0.0,0.5802584886550903,False,False,36273,"[331.7337951660156, 331.67584228515625, 9.711090087890625, 15.466064453125]",1.942218017578125,1.2888387044270833,1.5821522535743293,UNKNOWN_POST_NMS
549,7410,0,person,"[549.0, 352.0, 6.0, 10.0]",60.0,6.0,10.0,TP,D,36649,0.48214757442474365,0.5289623129051387,0.20922215282917023,True,True,36649,"[549.135009765625, 349.6005859375, 7.74981689453125, 14.13287353515625]",1.2916361490885417,1.413287353515625,1.351093273926881,UNKNOWN_POST_NMS
557,7444,0,person,"[349.0, 332.0, 5.0, 10.0]",50.0,5.0,10.0,FN,B,,0.6692754626274109,0.4684567095399453,0.4062311351299286,True,False,37270,"[349.4715576171875, 330.3570251464844, 7.315093994140625, 12.57012939453125]",1.463018798828125,1.257012939453125,1.3561097156167423,UNKNOWN_POST_NMS
595,7604,0,person,"[189.0, 66.0, 6.0, 10.0]",60.0,6.0,10.0,TP,D,39498,0.47819939255714417,0.578447750302893,0.46656814217567444,True,True,39498,"[187.76025390625, 64.63941192626953, 8.462142944335938, 12.257637023925781]",1.410357157389323,1.225763702392578,1.314824935471414,UNKNOWN_POST_NMS
597,7618,0,person,"[281.0, 250.0, 6.0, 10.0]",60.0,6.0,10.0,FN,B,,0.30700379610061646,0.4844794264752706,0.2509864270687103,True,False,39630,"[280.4811706542969, 248.3338623046875, 9.289886474609375, 13.331085205078125]",1.5483144124348958,1.3331085205078126,1.4366875567227577,UNKNOWN_POST_NMS
598,7623,0,person,"[306.0, 348.0, 7.0, 9.0]",63.0,7.0,9.0,FN,B,,0.5065361857414246,0.4334810362015393,0.32214662432670593,True,False,39694,"[303.486083984375, 347.77178955078125, 11.9957275390625, 12.115570068359375]",1.7136753627232142,1.3461744520399306,1.5188502205248062,UNKNOWN_POST_NMS
601,7636,0,person,"[201.0, 334.0, 7.0, 9.0]",63.0,7.0,9.0,TP,D,39868,0.49985602498054504,0.5859037004405836,0.25619545578956604,True,True,39868,"[201.88014221191406, 333.5780944824219, 8.165054321289062, 10.543121337890625]",1.1664363316127233,1.1714579264322917,1.168944432531474,UNKNOWN_POST_NMS
603,7641,0,person,"[291.0, 467.0, 8.0, 8.0]",64.0,8.0,8.0,FN,B,,0.2558720111846924,0.31562502268285064,0.154571533203125,True,False,39958,"[290.28802490234375, 465.6640930175781, 10.737762451171875, 18.884033203125]",1.3422203063964844,2.360504150390625,1.779976573999635,UNKNOWN_POST_NMS
622,7800,0,person,"[256.0, 124.0, 7.0, 9.0]",63.0,7.0,9.0,FN,B,,0.5130000114440918,0.4602174216315238,0.24088366329669952,True,False,41492,"[256.6950378417969, 122.40267181396484, 8.624267578125, 13.571510314941406]",1.2320382254464286,1.507945590549045,1.3630284697869712,UNKNOWN_POST_NMS
669,8009,0,person,"[280.0, 366.0, 7.0, 9.0]",63.0,7.0,9.0,TP,D,44639,0.5105853080749512,0.5706387424587747,0.4012087881565094,True,True,44639,"[278.52679443359375, 365.1231689453125, 9.5758056640625, 11.529327392578125]",1.3679722377232142,1.281036376953125,1.3237908441991149,UNKNOWN_POST_NMS
676,8083,0,person,"[270.0, 403.0, 8.0, 8.0]",64.0,8.0,8.0,FN,A,,0.44915705919265747,0.2281681404780793,0.3216249942779541,False,False,45292,"[272.710693359375, 401.9945373535156, 13.616912841796875, 12.026763916015625]",1.7021141052246094,1.5033454895019531,1.5996454490627194,UNKNOWN_POST_NMS
680,8107,0,person,"[422.0, 489.0, 8.0, 7.0]",56.0,8.0,7.0,FN,A,,0.5165598392486572,0.17140155065237125,0.4221692979335785,False,False,45692,"[413.0593566894531, 481.2420959472656, 15.39501953125, 13.8671875]",1.92437744140625,1.9810267857142858,1.9524966727884852,UNKNOWN_POST_NMS
695,8254,0,person,"[271.0, 265.0, 5.0, 11.0]",55.0,5.0,11.0,FN,A,,0.4178602397441864,0.08645949296288626,0.34222880005836487,False,False,46903,"[272.26824951171875, 252.17047119140625, 9.646270751953125, 17.62872314453125]",1.929254150390625,1.6026111949573865,1.7583640974877806,UNKNOWN_POST_NMS
706,8348,0,person,"[419.0, 205.0, 6.0, 10.0]",60.0,6.0,10.0,TP,D,47848,0.514255166053772,0.5015479275128255,0.20040835440158844,True,True,47848,"[417.3203430175781, 203.34194946289062, 9.06292724609375, 13.19989013671875]",1.5104878743489583,1.319989013671875,1.4120295320655332,UNKNOWN_POST_NMS
718,8467,0,person,"[171.0, 9.0, 4.0, 15.0]",60.0,4.0,15.0,FN,B,,0.5858765840530396,0.4309566290867147,0.3917641043663025,True,False,48845,"[171.33189392089844, 10.650176048278809, 7.57928466796875, 13.536393165588379]",1.8948211669921875,0.9024262110392253,1.3076453213030217,UNKNOWN_POST_NMS
721,8501,0,person,"[289.0, 263.0, 6.0, 10.0]",60.0,6.0,10.0,TP,D,49089,0.5252666473388672,0.5133754373227282,0.42053040862083435,True,True,49089,"[288.6967468261719, 261.6988830566406, 8.602691650390625, 13.585693359375]",1.4337819417317708,1.3585693359375,1.395669079852997,UNKNOWN_POST_NMS
725,8555,0,person,"[324.0, 436.0, 7.0, 9.0]",63.0,7.0,9.0,FN,B,,0.5179475545883179,0.25252780517028456,0.06660778075456619,True,False,49491,"[319.062744140625, 431.52874755859375, 13.591949462890625, 18.35479736328125]",1.9417070661272322,2.0394219292534723,1.9899648164845276,UNKNOWN_POST_NMS
729,8601,0,person,"[409.0, 94.0, 6.0, 9.0]",54.0,6.0,9.0,TP,D,49817,0.5912176966667175,0.5084445233386707,0.21347996592521667,True,True,49817,"[406.77899169921875, 92.84967803955078, 8.157806396484375, 12.812110900878906]",1.3596343994140625,1.423567877875434,1.3912339331184806,UNKNOWN_POST_NMS
729,8604,0,person,"[346.0, 80.0, 5.0, 11.0]",55.0,5.0,11.0,FN,B,,0.5912176966667175,0.3765459100705733,0.23545901477336884,True,False,49813,"[346.9618835449219, 82.56014251708984, 7.0704345703125, 9.842536926269531]",1.4140869140625,0.894776084206321,1.1248516131882658,UNKNOWN_POST_NMS
729,8605,0,person,"[357.0, 96.0, 6.0, 9.0]",54.0,6.0,9.0,TP,D,49814,0.5912176966667175,0.7179899151542987,0.23408661782741547,True,True,49814,"[356.7124328613281, 95.14886474609375, 5.59246826171875, 10.771812438964844]",0.9320780436197916,1.1968680487738714,1.056207569264767,UNKNOWN_POST_NMS
730,8609,0,person,"[228.0, 246.0, 6.0, 10.0]",60.0,6.0,10.0,FN,B,,0.5539766550064087,0.4547553493126255,0.3770807385444641,True,False,49910,"[222.86424255371094, 246.00363159179688, 11.179458618164062, 11.795684814453125]",1.8632431030273438,1.1795684814453125,1.4825055944587244,UNKNOWN_POST_NMS
730,8615,0,person,"[188.0, 28.0, 7.0, 9.0]",63.0,7.0,9.0,TP,D,49903,0.5539766550064087,0.6324345823859696,0.5125181078910828,True,True,49903,"[188.49203491210938, 27.62360191345215, 7.650238037109375, 11.527055740356445]",1.0928911481584822,1.280783971150716,1.1831134623415822,UNKNOWN_POST_NMS
730,8618,0,person,"[195.0, 69.0, 6.0, 10.0]",60.0,6.0,10.0,TP,D,49901,0.5539766550064087,0.5632896901301517,0.5306365489959717,True,True,49901,"[195.98696899414062, 69.51520538330078, 6.683135986328125, 10.767112731933594]",1.1138559977213542,1.0767112731933595,1.0951261614355758,UNKNOWN_POST_NMS
730,8622,0,person,"[368.0, 154.0, 8.0, 8.0]",64.0,8.0,8.0,FN,B,,0.5539766550064087,0.471690677406569,0.1770203709602356,True,False,49927,"[366.13348388671875, 151.8398895263672, 7.62786865234375, 10.4622802734375]",0.9534835815429688,1.3077850341796875,1.1166698519607048,UNKNOWN_POST_NMS
730,8635,0,person,"[277.0, 5.0, 5.0, 11.0]",55.0,5.0,11.0,TP,D,49909,0.5539766550064087,0.5931986455993694,0.4014682173728943,True,True,49909,"[277.0523376464844, 4.012800216674805, 7.5792236328125, 11.931539535522461]",1.5158447265625,1.0846854123202236,1.2822693407568013,UNKNOWN_POST_NMS
730,8637,0,person,"[216.0, 18.0, 6.0, 10.0]",60.0,6.0,10.0,FN,A,,0.5539766550064087,0.035995457213687146,0.257001668214798,False,False,49919,"[209.21888732910156, 9.682465553283691, 8.091461181640625, 12.615042686462402]",1.3485768636067708,1.2615042686462403,1.3043141761237973,UNKNOWN_POST_NMS
731,8650,0,person,"[191.0, 94.0, 6.0, 10.0]",60.0,6.0,10.0,FN,B,,0.48720285296440125,0.38244398057922285,0.1993098258972168,True,False,50033,"[189.35792541503906, 96.35863494873047, 8.176589965820312, 12.930854797363281]",1.3627649943033855,1.293085479736328,1.3274681263317276,UNKNOWN_POST_NMS
731,8651,0,person,"[195.0, 84.0, 6.0, 10.0]",60.0,6.0,10.0,TP,D,50012,0.48720285296440125,0.696740158885617,0.35489317774772644,True,True,50012,"[194.23110961914062, 84.14820861816406, 8.421279907226562, 9.968765258789062]",1.403546651204427,0.9968765258789063,1.1828620839141148,UNKNOWN_POST_NMS
731,8657,0,person,"[217.0, 67.0, 5.0, 12.0]",60.0,5.0,12.0,FN,B,,0.48720285296440125,0.41721676023764015,0.11416220664978027,True,False,50052,"[213.2918701171875, 67.29256439208984, 10.9166259765625, 12.71832275390625]",2.1833251953125,1.0598602294921875,1.5211901730421418,UNKNOWN_POST_NMS
731,8661,0,person,"[224.0, 36.0, 6.0, 10.0]",60.0,6.0,10.0,FN,A,,0.48720285296440125,0.0,0.48720285296440125,False,False,50000,"[213.72242736816406, 276.0614929199219, 7.937225341796875, 12.4210205078125]",1.3228708902994792,1.24210205078125,1.2818504771461456,UNKNOWN_POST_NMS
731,8672,0,person,"[359.0, 169.0, 5.0, 11.0]",55.0,5.0,11.0,TP,D,50015,0.48720285296440125,0.6260763310900157,0.3135628402233124,True,True,50015,"[357.30926513671875, 170.52651977539062, 7.065399169921875, 9.627899169921875]",1.413079833984375,0.8752635609019886,1.1121228742058833,UNKNOWN_POST_NMS
731,8686,0,person,"[408.0, 7.0, 6.0, 10.0]",60.0,6.0,10.0,TP,D,50034,0.48720285296440125,0.6936336818645356,0.19528119266033173,True,True,50034,"[406.94439697265625, 7.113300323486328, 7.301971435546875, 11.618934631347656]",1.2169952392578125,1.1618934631347657,1.1891252302258928,UNKNOWN_POST_NMS
733,8768,0,person,"[343.0, 399.0, 6.0, 8.0]",48.0,6.0,8.0,FN,B,,0.5256974101066589,0.2643925114391785,0.17889654636383057,True,False,50256,"[340.7253112792969, 390.11419677734375, 10.61749267578125, 16.760589599609375]",1.7695821126302083,2.095073699951172,1.9254622676322646,UNKNOWN_POST_NMS
733,8785,0,person,"[251.0, 187.0, 5.0, 12.0]",60.0,5.0,12.0,TP,D,50211,0.5256974101066589,0.5972041909388129,0.4322523772716522,True,True,50211,"[250.083740234375, 187.25347900390625, 7.526397705078125, 12.898406982421875]",1.505279541015625,1.0748672485351562,1.2719967289768193,UNKNOWN_POST_NMS
733,8790,0,person,"[198.0, 76.0, 5.0, 12.0]",60.0,5.0,12.0,FN,B,,0.5256974101066589,0.4015371065234021,0.2253602296113968,True,False,50244,"[195.8837432861328, 72.11451721191406, 7.328521728515625, 12.624923706054688]",1.465704345703125,1.0520769755045574,1.24178653359232,UNKNOWN_POST_NMS
733,8795,0,person,"[236.0, 108.0, 6.0, 9.0]",54.0,6.0,9.0,FN,A,,0.5256974101066589,0.1416224767440318,0.39284801483154297,False,False,50218,"[234.97100830078125, 99.70452880859375, 7.9733734130859375, 11.26983642578125]",1.3288955688476562,1.2522040473090277,1.2899800036287647,UNKNOWN_POST_NMS
733,8798,0,person,"[233.0, 13.0, 5.0, 11.0]",55.0,5.0,11.0,FN,A,,0.5256974101066589,0.0,0.5256974101066589,False,False,50200,"[476.82733154296875, 400.2467041015625, 8.22357177734375, 12.145660400390625]",1.64471435546875,1.1041509454900569,1.3475952324982043,UNKNOWN_POST_NMS
733,8802,0,person,"[328.0, 28.0, 8.0, 8.0]",64.0,8.0,8.0,FN,A,,0.5256974101066589,0.0,0.5256974101066589,False,False,50200,"[476.82733154296875, 400.2467041015625, 8.22357177734375, 12.145660400390625]",1.0279464721679688,1.5182075500488281,1.249254215558814,UNKNOWN_POST_NMS
733,8811,0,person,"[429.0, 68.0, 6.0, 9.0]",54.0,6.0,9.0,TP,D,50251,0.5256974101066589,0.7063279799752566,0.2063247412443161,True,True,50251,"[428.8089294433594, 66.3821792602539, 7.145355224609375, 10.699501037597656]",1.1908925374348958,1.1888334486219618,1.1898625476150118,UNKNOWN_POST_NMS
733,8825,0,person,"[494.0, 185.0, 5.0, 11.0]",55.0,5.0,11.0,FN,B,,0.5256974101066589,0.49598577921925446,0.3140728175640106,True,False,50227,"[492.4317626953125, 183.86106872558594, 7.88726806640625, 14.059402465820312]",1.57745361328125,1.2781274968927556,1.4199249410470953,UNKNOWN_POST_NMS
734,8843,0,person,"[250.0, 58.0, 4.0, 14.0]",56.0,4.0,14.0,FN,A,,0.5900051593780518,0.0,0.5900051593780518,False,False,50300,"[241.83372497558594, 276.37994384765625, 8.042449951171875, 14.931793212890625]",2.0106124877929688,1.066556658063616,1.4643879730595446,UNKNOWN_POST_NMS
734,8846,0,person,"[234.0, 95.0, 5.0, 12.0]",60.0,5.0,12.0,TP,D,50344,0.5900051593780518,0.5234950737009371,0.22413292527198792,True,True,50344,"[233.9354705810547, 96.53501892089844, 7.819305419921875, 11.801292419433594]",1.563861083984375,0.9834410349527994,1.240147234386305,UNKNOWN_POST_NMS
734,8862,0,person,"[210.0, 206.0, 5.0, 12.0]",60.0,5.0,12.0,FN,A,,0.5900051593780518,0.0,0.5900051593780518,False,False,50300,"[241.83372497558594, 276.37994384765625, 8.042449951171875, 14.931793212890625]",1.608489990234375,1.2443161010742188,1.4147331880129714,UNKNOWN_POST_NMS
734,8881,0,person,"[342.0, 293.0, 9.0, 6.0]",54.0,9.0,6.0,FN,A,,0.5900051593780518,0.0,0.5900051593780518,False,False,50300,"[241.83372497558594, 276.37994384765625, 8.042449951171875, 14.931793212890625]",0.8936055501302084,2.4886322021484375,1.4912597185174037,UNKNOWN_POST_NMS
734,8895,0,person,"[352.0, 486.0, 6.0, 9.0]",54.0,6.0,9.0,FN,A,,0.5900051593780518,0.0,0.5900051593780518,False,False,50300,"[241.83372497558594, 276.37994384765625, 8.042449951171875, 14.931793212890625]",1.3404083251953125,1.659088134765625,1.4912597185174037,UNKNOWN_POST_NMS
735,8956,0,person,"[241.0, 128.0, 5.0, 10.0]",50.0,5.0,10.0,FN,A,,0.5990214347839355,0.05387950244194432,0.30674368143081665,False,False,50429,"[241.65109252929688, 136.211181640625, 7.5205078125, 13.584808349609375]",1.5041015625,1.3584808349609374,1.4294380526945023,UNKNOWN_POST_NMS
735,8965,0,person,"[235.0, 49.0, 5.0, 12.0]",60.0,5.0,12.0,FN,A,,0.5990214347839355,0.0,0.5990214347839355,False,False,50400,"[338.8865051269531, 198.29637145996094, 7.474365234375, 12.2789306640625]",1.494873046875,1.0232442220052083,1.2367781562779012,UNKNOWN_POST_NMS
735,8966,0,person,"[242.0, 50.0, 6.0, 10.0]",60.0,6.0,10.0,FN,A,,0.5990214347839355,0.0,0.5990214347839355,False,False,50400,"[338.8865051269531, 198.29637145996094, 7.474365234375, 12.2789306640625]",1.2457275390625,1.22789306640625,1.2367781562779012,UNKNOWN_POST_NMS
735,8969,0,person,"[336.0, 73.0, 8.0, 8.0]",64.0,8.0,8.0,FN,A,,0.5990214347839355,0.0,0.5990214347839355,False,False,50400,"[338.8865051269531, 198.29637145996094, 7.474365234375, 12.2789306640625]",0.934295654296875,1.5348663330078125,1.1975053005543563,UNKNOWN_POST_NMS
736,9007,0,person,"[252.0, 65.0, 5.0, 12.0]",60.0,5.0,12.0,FN,A,,0.5860165953636169,0.0,0.5860165953636169,False,False,50500,"[236.7117919921875, 182.92373657226562, 6.856231689453125, 12.748580932617188]",1.371246337890625,1.0623817443847656,1.2069743478754897,UNKNOWN_POST_NMS
736,9025,0,person,"[189.0, 208.0, 8.0, 8.0]",64.0,8.0,8.0,TP,D,50550,0.5860165953636169,0.5268760568135208,0.182211771607399,True,True,50550,"[188.8829803466797, 204.78334045410156, 9.249984741210938, 13.131988525390625]",1.1562480926513672,1.6414985656738281,1.377671798960231,UNKNOWN_POST_NMS
736,9031,0,person,"[241.0, 152.0, 4.0, 12.0]",48.0,4.0,12.0,FN,B,,0.5860165953636169,0.2572679076238457,0.17745357751846313,True,False,50551,"[232.74600219726562, 152.90103149414062, 14.648239135742188, 11.53466796875]",3.662059783935547,0.9612223307291666,1.8761805991918994,UNKNOWN_POST_NMS
736,9035,0,person,"[236.0, 82.0, 6.0, 10.0]",60.0,6.0,10.0,FN,A,,0.5860165953636169,0.0,0.5860165953636169,False,False,50500,"[236.7117919921875, 182.92373657226562, 6.856231689453125, 12.748580932617188]",1.1427052815755208,1.2748580932617188,1.2069743478754897,UNKNOWN_POST_NMS
736,9050,0,person,"[366.0, 86.0, 6.0, 10.0]",60.0,6.0,10.0,TP,D,50539,0.5860165953636169,0.6962725299229117,0.2444288432598114,True,True,50539,"[365.09075927734375, 85.53630065917969, 8.20709228515625, 10.499839782714844]",1.3678487141927083,1.0499839782714844,1.1984236457119806,UNKNOWN_POST_NMS
736,9069,0,person,"[341.0, 421.0, 7.0, 8.0]",56.0,7.0,8.0,FN,A,,0.5860165953636169,0.0,0.5860165953636169,False,False,50500,"[236.7117919921875, 182.92373657226562, 6.856231689453125, 12.748580932617188]",0.979461669921875,1.5935726165771484,1.2493371427178597,UNKNOWN_POST_NMS
736,9087,0,person,"[184.0, 261.0, 5.0, 11.0]",55.0,5.0,11.0,FN,A,,0.5860165953636169,0.0,0.5860165953636169,False,False,50500,"[236.7117919921875, 182.92373657226562, 6.856231689453125, 12.748580932617188]",1.371246337890625,1.158961902965199,1.2606435916609335,UNKNOWN_POST_NMS
736,9092,0,person,"[353.0, 486.0, 8.0, 8.0]",64.0,8.0,8.0,FN,B,,0.5860165953636169,0.2648102019179129,0.22506654262542725,True,False,50543,"[347.39984130859375, 481.1365661621094, 11.730194091796875, 11.7613525390625]",1.4662742614746094,1.4701690673828125,1.4682203729411838,UNKNOWN_POST_NMS
737,9101,0,person,"[341.0, 238.0, 9.0, 7.0]",63.0,9.0,7.0,FN,A,,0.5529179573059082,0.0,0.5529179573059082,False,False,50600,"[211.8690643310547, 308.155029296875, 8.85467529296875, 13.899871826171875]",0.9838528103298612,1.9856959751674108,1.3977240663411183,UNKNOWN_POST_NMS
737,9118,0,person,"[219.0, 194.0, 5.0, 11.0]",55.0,5.0,11.0,FN,A,,0.5529179573059082,0.007767677467020005,0.1876315325498581,False,False,50644,"[223.7732696533203, 196.00103759765625, 15.292953491210938, 13.712890625]",3.0585906982421873,1.2466264204545454,1.9526699602813649,UNKNOWN_POST_NMS
737,9146,0,person,"[354.0, 487.0, 7.0, 7.0]",49.0,7.0,7.0,FN,A,,0.5529179573059082,0.24371017530833355,0.23376816511154175,False,False,50638,"[347.7019958496094, 482.204345703125, 11.519683837890625, 11.68658447265625]",1.6456691196986608,1.6695120675223214,1.6575477231397442,UNKNOWN_POST_NMS
737,9168,0,person,"[449.0, 80.0, 5.0, 12.0]",60.0,5.0,12.0,FN,A,,0.5529179573059082,0.0,0.5529179573059082,False,False,50600,"[211.8690643310547, 308.155029296875, 8.85467529296875, 13.899871826171875]",1.77093505859375,1.1583226521809895,1.4322409692194287,UNKNOWN_POST_NMS
738,9183,0,person,"[202.0, 117.0, 4.0, 15.0]",60.0,4.0,15.0,FN,B,,0.5981936454772949,0.27386378618761664,0.17273159325122833,True,False,50742,"[195.1922149658203, 118.06877136230469, 10.0972900390625, 11.530303955078125]",2.524322509765625,0.7686869303385416,1.392987337062409,UNKNOWN_POST_NMS
738,9202,0,person,"[234.0, 236.0, 5.0, 9.0]",45.0,5.0,9.0,FN,A,,0.5981936454772949,0.1924416067018915,0.16155730187892914,False,False,50746,"[227.26107788085938, 237.0741729736328, 12.8812255859375, 15.569732666015625]",2.5762451171875,1.7299702962239583,2.1111199701879535,UNKNOWN_POST_NMS
738,9204,0,person,"[209.0, 280.0, 5.0, 11.0]",55.0,5.0,11.0,FN,B,,0.5981936454772949,0.2681708891942053,0.1576634645462036,True,False,50747,"[208.88597106933594, 271.9844665527344, 10.294769287109375, 18.31646728515625]",2.058953857421875,1.6651333895596592,1.8516027693746362,UNKNOWN_POST_NMS
738,9217,0,person,"[174.0, 494.0, 7.0, 9.0]",63.0,7.0,9.0,FN,A,,0.5981936454772949,0.14416732501062013,0.17252762615680695,False,False,50743,"[172.1481475830078, 483.38836669921875, 15.793289184570312, 16.411041259765625]",2.2561841692243303,1.8234490288628473,2.0283088601857053,UNKNOWN_POST_NMS
738,9224,0,person,"[354.0, 490.0, 6.0, 7.0]",42.0,6.0,7.0,FN,A,,0.5981936454772949,0.0,0.5981936454772949,False,False,50700,"[212.2988739013672, 358.7311096191406, 9.28582763671875, 12.5811767578125]",1.547637939453125,1.7973109654017858,1.6678089336164759,UNKNOWN_POST_NMS
738,9255,0,person,"[433.0, 68.0, 5.0, 12.0]",60.0,5.0,12.0,FN,A,,0.5981936454772949,0.0,0.5981936454772949,False,False,50700,"[212.2988739013672, 358.7311096191406, 9.28582763671875, 12.5811767578125]",1.85716552734375,1.048431396484375,1.395389066653329,UNKNOWN_POST_NMS
739,9267,0,person,"[249.0, 55.0, 5.0, 12.0]",60.0,5.0,12.0,FN,A,,0.5589808821678162,0.0,0.5589808821678162,False,False,50800,"[338.3843688964844, 199.69900512695312, 7.15899658203125, 11.501541137695312]",1.43179931640625,0.9584617614746094,1.1714627159585045,UNKNOWN_POST_NMS
739,9270,0,person,"[205.0, 116.0, 5.0, 11.0]",55.0,5.0,11.0,FN,B,,0.5589808821678162,0.36815576235542025,0.16293023526668549,True,False,50850,"[201.00128173828125, 116.78884887695312, 10.92657470703125, 12.33099365234375]",2.18531494140625,1.1209994229403408,1.5651635020851054,UNKNOWN_POST_NMS
739,9275,0,person,"[244.0, 152.0, 4.0, 12.0]",48.0,4.0,12.0,FN,A,,0.5589808821678162,0.0,0.5589808821678162,False,False,50800,"[338.3843688964844, 199.69900512695312, 7.15899658203125, 11.501541137695312]",1.7897491455078125,0.9584617614746094,1.3097351329948719,UNKNOWN_POST_NMS
739,9284,0,person,"[225.0, 213.0, 5.0, 10.0]",50.0,5.0,10.0,FN,B,,0.5589808821678162,0.2806675497250266,0.1655271053314209,True,False,50849,"[225.14173889160156, 211.72059631347656, 14.576492309570312, 11.777816772460938]",2.9152984619140625,1.1777816772460938,1.8529935542645857,UNKNOWN_POST_NMS
739,9286,0,person,"[241.0, 214.0, 5.0, 10.0]",50.0,5.0,10.0,TP,D,50840,0.5589808821678162,0.543459695064531,0.20160622894763947,True,True,50840,"[240.96759033203125, 213.19642639160156, 8.514404296875, 10.805587768554688]",1.702880859375,1.0805587768554688,1.3564891663912542,UNKNOWN_POST_NMS
739,9305,0,person,"[188.0, 500.0, 7.0, 7.0]",49.0,7.0,7.0,FN,B,,0.5589808821678162,0.3949713048097535,0.14879083633422852,True,False,50854,"[186.2835693359375, 498.97320556640625, 11.284912109375, 10.993408203125]",1.6121303013392858,1.5704868861607142,1.5911723655957795,UNKNOWN_POST_NMS
739,9307,0,person,"[353.0, 480.0, 8.0, 7.0]",56.0,8.0,7.0,FN,B,,0.5589808821678162,0.35344322050628213,0.23487098515033722,True,False,50836,"[352.84466552734375, 480.9389343261719, 8.63824462890625, 15.01202392578125]",1.0797805786132812,2.1445748465401784,1.521732653483076,UNKNOWN_POST_NMS
739,9326,0,person,"[394.0, 429.0, 4.0, 11.0]",44.0,4.0,11.0,FN,B,,0.5589808821678162,0.36920701316739674,0.13809102773666382,True,False,50856,"[393.2974853515625, 426.8951416015625, 8.281829833984375, 11.48065185546875]",2.0704574584960938,1.0436956232244319,1.4700093154482912,UNKNOWN_POST_NMS
740,9361,0,person,"[206.0, 115.0, 4.0, 13.0]",52.0,4.0,13.0,FN,B,,0.6565334796905518,0.2761587484999562,0.15872833132743835,True,False,50949,"[199.44097900390625, 115.96893310546875, 12.440567016601562, 13.69610595703125]",3.1101417541503906,1.0535466120793269,1.8101600228078176,UNKNOWN_POST_NMS
740,9369,0,person,"[242.0, 263.0, 6.0, 10.0]",60.0,6.0,10.0,FN,A,,0.6565334796905518,1.526431568641485e-05,0.34024831652641296,False,False,50921,"[247.99957275390625, 255.50718688964844, 9.3629150390625, 14.480087280273438]",1.56048583984375,1.4480087280273437,1.5031956346586528,UNKNOWN_POST_NMS
740,9389,0,person,"[344.0, 424.0, 6.0, 9.0]",54.0,6.0,9.0,FN,A,,0.6565334796905518,0.0,0.6565334796905518,False,False,50900,"[234.50938415527344, 351.8089599609375, 8.415145874023438, 12.529205322265625]",1.4025243123372395,1.3921339246961806,1.397319460759011,UNKNOWN_POST_NMS
740,9391,0,person,"[356.0, 488.0, 6.0, 10.0]",60.0,6.0,10.0,FN,A,,0.6565334796905518,0.0,0.6565334796905518,False,False,50900,"[234.50938415527344, 351.8089599609375, 8.415145874023438, 12.529205322265625]",1.4025243123372395,1.2529205322265624,1.325613634463024,UNKNOWN_POST_NMS
740,9397,0,person,"[342.0, 239.0, 8.0, 8.0]",64.0,8.0,8.0,FN,A,,0.6565334796905518,0.0,0.6565334796905518,False,False,50900,"[234.50938415527344, 351.8089599609375, 8.415145874023438, 12.529205322265625]",1.0518932342529297,1.5661506652832031,1.2835198824451945,UNKNOWN_POST_NMS
740,9407,0,person,"[367.0, 76.0, 6.0, 10.0]",60.0,6.0,10.0,TP,D,50951,0.6565334796905518,0.7616489440814173,0.15707074105739594,True,True,50951,"[365.7881164550781, 75.82566833496094, 7.652374267578125, 10.294380187988281]",1.2753957112630208,1.0294380187988281,1.145836303399018,UNKNOWN_POST_NMS
740,9408,0,person,"[385.0, 70.0, 5.0, 10.0]",50.0,5.0,10.0,FN,A,,0.6565334796905518,0.0,0.6565334796905518,False,False,50900,"[234.50938415527344, 351.8089599609375, 8.415145874023438, 12.529205322265625]",1.6830291748046875,1.2529205322265624,1.452136980263612,UNKNOWN_POST_NMS
740,9411,0,person,"[445.0, 83.0, 4.0, 12.0]",48.0,4.0,12.0,FN,A,,0.6565334796905518,0.0,0.6565334796905518,False,False,50900,"[234.50938415527344, 351.8089599609375, 8.415145874023438, 12.529205322265625]",2.1037864685058594,1.0441004435221355,1.4820810992799398,UNKNOWN_POST_NMS
740,9417,0,person,"[394.0, 251.0, 5.0, 12.0]",60.0,5.0,12.0,FN,B,,0.6565334796905518,0.3841907770577793,0.17787016928195953,True,False,50943,"[394.35284423828125, 249.6323699951172, 9.24371337890625, 11.054000854492188]",1.84874267578125,0.921166737874349,1.3049905209688342,UNKNOWN_POST_NMS
741,9437,0,person,"[207.0, 115.0, 4.0, 12.0]",48.0,4.0,12.0,FN,A,,0.5766873955726624,0.0,0.5766873955726624,False,False,51000,"[227.76141357421875, 204.36952209472656, 7.647369384765625, 12.203628540039062]",1.9118423461914062,1.0169690450032551,1.3943760199469357,UNKNOWN_POST_NMS
741,9470,0,person,"[336.0, 199.0, 5.0, 12.0]",60.0,5.0,12.0,TP,D,51010,0.5766873955726624,0.6081980226200694,0.3849395215511322,True,True,51010,"[334.2667541503906, 198.886474609375, 8.010406494140625, 11.80303955078125]",1.602081298828125,0.9835866292317709,1.2553030488569734,UNKNOWN_POST_NMS
741,9478,0,person,"[379.0, 139.0, 5.0, 11.0]",55.0,5.0,11.0,FN,A,,0.5766873955726624,0.0,0.5766873955726624,False,False,51000,"[227.76141357421875, 204.36952209472656, 7.647369384765625, 12.203628540039062]",1.529473876953125,1.1094207763671875,1.3026243111514033,UNKNOWN_POST_NMS
741,9495,0,person,"[399.0, 423.0, 8.0, 8.0]",64.0,8.0,8.0,TP,D,51036,0.5766873955726624,0.6417599562054053,0.19920532405376434,True,True,51036,"[398.68359375, 420.03448486328125, 8.563812255859375, 11.64501953125]",1.0704765319824219,1.45562744140625,1.2482848294099422,UNKNOWN_POST_NMS
741,9498,0,person,"[343.0, 426.0, 7.0, 8.0]",56.0,7.0,8.0,FN,A,,0.5766873955726624,0.0,0.5766873955726624,False,False,51000,"[227.76141357421875, 204.36952209472656, 7.647369384765625, 12.203628540039062]",1.0924813406808036,1.5254535675048828,1.2909413459077252,UNKNOWN_POST_NMS
741,9501,0,person,"[404.0, 491.0, 7.0, 7.0]",49.0,7.0,7.0,TP,D,51023,0.5766873955726624,0.5837063625560385,0.2834600806236267,True,True,51023,"[404.1905212402344, 489.02972412109375, 7.522674560546875, 10.6781005859375]",1.0746677943638392,1.5254429408482142,1.2803688533657944,UNKNOWN_POST_NMS
741,9503,0,person,"[493.0, 426.0, 7.0, 9.0]",63.0,7.0,9.0,TP,D,51006,0.5766873955726624,0.5527574753968123,0.40539199113845825,True,True,51006,"[493.0628356933594, 423.80364990234375, 9.554443359375, 11.76263427734375]",1.3649204799107142,1.3069593641493056,1.3356255472768077,UNKNOWN_POST_NMS
741,9504,0,person,"[485.0, 403.0, 6.0, 10.0]",60.0,6.0,10.0,FN,A,,0.5766873955726624,0.0,0.5766873955726624,False,False,51000,"[227.76141357421875, 204.36952209472656, 7.647369384765625, 12.203628540039062]",1.2745615641276042,1.2203628540039062,1.2471678267187805,UNKNOWN_POST_NMS
741,9508,0,person,"[490.0, 128.0, 6.0, 10.0]",60.0,6.0,10.0,FN,A,,0.5766873955726624,0.0,0.5766873955726624,False,False,51000,"[227.76141357421875, 204.36952209472656, 7.647369384765625, 12.203628540039062]",1.2745615641276042,1.2203628540039062,1.2471678267187805,UNKNOWN_POST_NMS
742,9526,0,person,"[230.0, 157.0, 5.0, 12.0]",60.0,5.0,12.0,FN,A,,0.5287248492240906,0.0,0.5287248492240906,False,False,51100,"[230.23135375976562, 210.25401306152344, 7.8300628662109375, 13.895919799804688]",1.5660125732421875,1.1579933166503906,1.3466373281640953,UNKNOWN_POST_NMS
742,9544,0,person,"[221.0, 447.0, 8.0, 8.0]",64.0,8.0,8.0,FN,B,,0.5287248492240906,0.30546201963042996,0.15335769951343536,True,False,51153,"[221.946044921875, 448.20196533203125, 13.302413940429688, 10.594940185546875]",1.662801742553711,1.3243675231933594,1.483967865335183,UNKNOWN_POST_NMS
742,9552,0,person,"[343.0, 240.0, 8.0, 7.0]",56.0,8.0,7.0,FN,A,,0.5287248492240906,0.0,0.5287248492240906,False,False,51100,"[230.23135375976562, 210.25401306152344, 7.8300628662109375, 13.895919799804688]",0.9787578582763672,1.9851313999720983,1.393902061636275,UNKNOWN_POST_NMS
742,9588,0,person,"[354.0, 440.0, 8.0, 8.0]",64.0,8.0,8.0,FN,A,,0.5287248492240906,0.0,0.5287248492240906,False,False,51100,"[230.23135375976562, 210.25401306152344, 7.8300628662109375, 13.895919799804688]",0.9787578582763672,1.736989974975586,1.3038759863401983,UNKNOWN_POST_NMS
742,9590,0,person,"[357.0, 480.0, 7.0, 9.0]",63.0,7.0,9.0,FN,B,,0.5287248492240906,0.3904199961776854,0.22465898096561432,True,False,51138,"[355.9950256347656, 481.46893310546875, 7.969970703125, 15.534088134765625]",1.1385672433035714,1.7260097927517362,1.4018481414362658,UNKNOWN_POST_NMS
743,9630,0,person,"[344.0, 426.0, 8.0, 7.0]",56.0,8.0,7.0,FN,A,,0.5710660815238953,0.0,0.5710660815238953,False,False,51200,"[229.37490844726562, 131.81797790527344, 8.031753540039062, 12.059371948242188]",1.0039691925048828,1.7227674211774553,1.3151446371837774,UNKNOWN_POST_NMS
743,9660,0,person,"[336.0, 74.0, 8.0, 8.0]",64.0,8.0,8.0,FN,A,,0.5710660815238953,0.0,0.5710660815238953,False,False,51200,"[229.37490844726562, 131.81797790527344, 8.031753540039062, 12.059371948242188]",1.0039691925048828,1.5074214935302734,1.2302051615987037,UNKNOWN_POST_NMS
743,9673,0,person,"[191.0, 119.0, 5.0, 11.0]",55.0,5.0,11.0,FN,A,,0.5710660815238953,0.0,0.5710660815238953,False,False,51200,"[229.37490844726562, 131.81797790527344, 8.031753540039062, 12.059371948242188]",1.6063507080078125,1.0963065407492898,1.3270466412022666,UNKNOWN_POST_NMS
744,9688,0,person,"[244.0, 50.0, 5.0, 11.0]",55.0,5.0,11.0,FN,A,,0.573981523513794,0.0,0.573981523513794,False,False,51300,"[220.82908630371094, 287.6434020996094, 6.9255828857421875, 11.092864990234375]",1.3851165771484375,1.0084422718394885,1.1818672124321357,UNKNOWN_POST_NMS
744,9701,0,person,"[191.0, 194.0, 4.0, 12.0]",48.0,4.0,12.0,FN,A,,0.573981523513794,0.0,0.573981523513794,False,False,51300,"[220.82908630371094, 287.6434020996094, 6.9255828857421875, 11.092864990234375]",1.7313957214355469,0.9244054158528646,1.2651132683991173,UNKNOWN_POST_NMS
744,9725,0,person,"[336.0, 74.0, 8.0, 8.0]",64.0,8.0,8.0,FN,A,,0.573981523513794,0.0,0.573981523513794,False,False,51300,"[220.82908630371094, 287.6434020996094, 6.9255828857421875, 11.092864990234375]",0.8656978607177734,1.3866081237792969,1.0956202290983965,UNKNOWN_POST_NMS
744,9726,0,person,"[342.0, 109.0, 5.0, 12.0]",60.0,5.0,12.0,FN,A,,0.573981523513794,0.039518873545472566,0.1621968001127243,False,False,51344,"[336.7533874511719, 119.24361419677734, 9.767608642578125, 15.241477966308594]",1.953521728515625,1.2701231638590496,1.575186718611373,UNKNOWN_POST_NMS
744,9743,0,person,"[416.0, 427.0, 7.0, 9.0]",63.0,7.0,9.0,TP,D,51337,0.573981523513794,0.6252965575373867,0.19081048667430878,True,True,51337,"[414.6346740722656, 426.0917053222656, 8.834747314453125, 11.404083251953125]",1.2621067592075892,1.267120361328125,1.2646110756915698,UNKNOWN_POST_NMS
744,9746,0,person,"[503.0, 396.0, 9.0, 7.0]",63.0,9.0,7.0,FN,A,,0.573981523513794,0.0,0.573981523513794,False,False,51300,"[220.82908630371094, 287.6434020996094, 6.9255828857421875, 11.092864990234375]",0.7695092095269097,1.5846949986049108,1.1042813933584648,UNKNOWN_POST_NMS
744,9767,0,person,"[443.0, 87.0, 5.0, 12.0]",60.0,5.0,12.0,FN,A,,0.573981523513794,0.0,0.573981523513794,False,False,51300,"[220.82908630371094, 287.6434020996094, 6.9255828857421875, 11.092864990234375]",1.3851165771484375,0.9244054158528646,1.131551706950945,UNKNOWN_POST_NMS
745,9774,0,person,"[186.0, 129.0, 3.0, 11.0]",33.0,3.0,11.0,FN,A,,0.5811305642127991,0.09918283913404853,0.1997925192117691,False,False,51444,"[179.05535888671875, 130.82467651367188, 8.419464111328125, 13.892410278320312]",2.806488037109375,1.2629463889382102,1.8826693634479663,UNKNOWN_POST_NMS
745,9780,0,person,"[242.0, 80.0, 5.0, 9.0]",45.0,5.0,9.0,FN,A,,0.5811305642127991,0.0,0.5811305642127991,False,False,51400,"[227.9951934814453, 226.08917236328125, 7.06439208984375, 9.896438598632812]",1.41287841796875,1.0996042887369792,1.2464377914129352,UNKNOWN_POST_NMS
745,9781,0,person,"[249.0, 83.0, 5.0, 11.0]",55.0,5.0,11.0,FN,A,,0.5811305642127991,0.0,0.5811305642127991,False,False,51400,"[227.9951934814453, 226.08917236328125, 7.06439208984375, 9.896438598632812]",1.41287841796875,0.8996762362393466,1.1274454032643566,UNKNOWN_POST_NMS
745,9821,0,person,"[359.0, 483.0, 9.0, 7.0]",63.0,9.0,7.0,FN,B,,0.5811305642127991,0.3611938175808552,0.2335277944803238,True,False,51434,"[357.7514953613281, 483.0381774902344, 8.08282470703125, 14.389434814453125]",0.8980916341145834,2.055633544921875,1.3587300281879549,UNKNOWN_POST_NMS
745,9822,0,person,"[358.0, 490.0, 7.0, 8.0]",56.0,7.0,8.0,FN,B,,0.5811305642127991,0.43214662559782047,0.2335277944803238,True,False,51434,"[357.7514953613281, 483.0381774902344, 8.08282470703125, 14.389434814453125]",1.1546892438616072,1.7986793518066406,1.4411508251002376,UNKNOWN_POST_NMS
745,9824,0,person,"[344.0, 303.0, 9.0, 7.0]",63.0,9.0,7.0,FN,A,,0.5811305642127991,0.0,0.5811305642127991,False,False,51400,"[227.9951934814453, 226.08917236328125, 7.06439208984375, 9.896438598632812]",0.7849324544270834,1.4137769426618303,1.0534322026670573,UNKNOWN_POST_NMS
746,9866,0,person,"[245.0, 71.0, 5.0, 11.0]",55.0,5.0,11.0,FN,A,,0.5864672660827637,0.0,0.5864672660827637,False,False,51500,"[234.50303649902344, 165.16978454589844, 8.358963012695312, 12.196578979492188]",1.6717926025390626,1.1087799072265625,1.3614881735605768,UNKNOWN_POST_NMS
746,9868,0,person,"[183.0, 129.0, 5.0, 12.0]",60.0,5.0,12.0,FN,B,,0.5864672660827637,0.3204222746919821,0.18355567753314972,True,False,51553,"[178.32110595703125, 130.15928649902344, 8.915969848632812, 14.500289916992188]",1.7831939697265624,1.2083574930826824,1.467901834231072,UNKNOWN_POST_NMS
746,9876,0,person,"[238.0, 109.0, 6.0, 10.0]",60.0,6.0,10.0,FN,A,,0.5864672660827637,0.0044246125914185015,0.3916464149951935,False,False,51518,"[243.2726287841797, 99.25440979003906, 8.109512329101562, 10.631088256835938]",1.3515853881835938,1.0631088256835937,1.198700277318298,UNKNOWN_POST_NMS
746,9908,0,person,"[235.0, 382.0, 5.0, 10.0]",50.0,5.0,10.0,FN,B,,0.5864672660827637,0.34258495784188464,0.22026975452899933,True,False,51546,"[229.64306640625, 379.17291259765625, 11.220138549804688, 12.584991455078125]",2.2440277099609376,1.2584991455078125,1.6805079456764533,UNKNOWN_POST_NMS
746,9944,0,person,"[380.0, 140.0, 5.0, 11.0]",55.0,5.0,11.0,FN,A,,0.5864672660827637,0.09608473471719571,0.1893606036901474,False,False,51550,"[380.2686767578125, 128.32077026367188, 7.412567138671875, 14.719894409179688]",1.482513427734375,1.3381722190163352,1.4084950419908555,UNKNOWN_POST_NMS
747,9957,0,person,"[60.0, 162.0, 5.0, 12.0]",60.0,5.0,12.0,FN,A,,0.5805869102478027,0.0,0.5805869102478027,False,False,51600,"[212.5628662109375, 203.67295837402344, 7.3345489501953125, 13.571334838867188]",1.4669097900390624,1.1309445699055989,1.2880192784217324,UNKNOWN_POST_NMS
747,10018,0,person,"[275.0, 124.0, 7.0, 9.0]",63.0,7.0,9.0,FN,A,,0.5805869102478027,0.0,0.5805869102478027,False,False,51600,"[212.5628662109375, 203.67295837402344, 7.3345489501953125, 13.571334838867188]",1.047792707170759,1.5079260932074652,1.2569781077708857,UNKNOWN_POST_NMS
747,10019,0,person,"[240.0, 129.0, 6.0, 10.0]",60.0,6.0,10.0,FN,A,,0.5805869102478027,0.0,0.5805869102478027,False,False,51600,"[212.5628662109375, 203.67295837402344, 7.3345489501953125, 13.571334838867188]",1.222424825032552,1.3571334838867188,1.2880192784217324,UNKNOWN_POST_NMS
748,10047,0,person,"[210.0, 456.0, 7.0, 9.0]",63.0,7.0,9.0,FN,A,,0.5598236322402954,0.21115288161288295,0.1070629134774208,False,False,51762,"[201.7804718017578, 455.49053955078125, 18.528915405273438, 16.102508544921875]",2.6469879150390625,1.7891676161024306,2.176213467884615,UNKNOWN_POST_NMS
748,10073,0,person,"[174.0, 194.0, 7.0, 9.0]",63.0,7.0,9.0,TP,D,51716,0.5598236322402954,0.6148012355623073,0.32886430621147156,True,True,51716,"[173.107421875, 192.00157165527344, 8.6844482421875, 11.79949951171875]",1.2406354631696428,1.3110555013020833,1.2753595371890307,UNKNOWN_POST_NMS
748,10077,0,person,"[60.0, 173.0, 5.0, 11.0]",55.0,5.0,11.0,FN,B,,0.5598236322402954,0.382838537706716,0.16232706606388092,True,False,51745,"[57.412620544433594, 169.00039672851562, 9.454322814941406, 15.195556640625]",1.8908645629882812,1.3814142400568181,1.6161891081587032,UNKNOWN_POST_NMS
749,10090,0,person,"[223.0, 346.0, 5.0, 12.0]",60.0,5.0,12.0,FN,B,,0.4892415404319763,0.4854084709481865,0.36357471346855164,True,False,51809,"[219.8754119873047, 343.65386962890625, 8.34326171875, 13.783599853515625]",1.66865234375,1.148633321126302,1.3844384000044025,UNKNOWN_POST_NMS
749,10109,0,person,"[287.0, 501.0, 8.0, 8.0]",64.0,8.0,8.0,TP,D,51821,0.4892415404319763,0.5506503736308833,0.24388514459133148,True,True,51821,"[285.5780334472656, 500.986328125, 11.6636962890625, 9.96478271484375]",1.4579620361328125,1.2455978393554688,1.3476031916218256,UNKNOWN_POST_NMS
753,10207,0,person,"[30.0, 372.0, 6.0, 10.0]",60.0,6.0,10.0,FN,A,,0.572969377040863,0.0,0.572969377040863,False,False,52149,"[172.8419647216797, 357.7090759277344, 8.415130615234375, 13.024383544921875]",1.4025217692057292,1.3024383544921876,1.3515539742177451,UNKNOWN_POST_NMS
754,10242,0,person,"[187.0, 275.0, 7.0, 9.0]",63.0,7.0,9.0,FN,A,,0.5609216690063477,0.04829390977690507,0.22080209851264954,False,False,52281,"[191.28468322753906, 278.13470458984375, 14.854110717773438, 19.0318603515625]",2.122015816824777,2.114651150173611,2.118330282967014,UNKNOWN_POST_NMS
754,10263,0,person,"[286.0, 243.0, 5.0, 9.0]",45.0,5.0,9.0,FN,A,,0.5609216690063477,0.0980064572699307,0.41951748728752136,False,False,52254,"[275.440185546875, 243.35659790039062, 12.41143798828125, 10.820907592773438]",2.48228759765625,1.2023230658637152,1.727573915862803,UNKNOWN_POST_NMS
754,10294,0,person,"[525.0, 319.0, 6.0, 9.0]",54.0,6.0,9.0,TP,D,52278,0.5609216690063477,0.5575713186344531,0.2778477966785431,True,True,52278,"[525.2247314453125, 317.91314697265625, 7.83099365234375, 11.645843505859375]",1.3051656087239583,1.2939826117621527,1.2995620813023008,UNKNOWN_POST_NMS
754,10304,0,person,"[422.0, 343.0, 5.0, 12.0]",60.0,5.0,12.0,FN,A,,0.5609216690063477,0.0,0.5609216690063477,False,False,52249,"[443.60125732421875, 457.53826904296875, 10.671600341796875, 13.866546630859375]",2.134320068359375,1.1555455525716145,1.5704470900851835,UNKNOWN_POST_NMS
755,10332,0,person,"[393.0, 247.0, 5.0, 11.0]",55.0,5.0,11.0,FN,A,,0.6271948218345642,0.0,0.6271948218345642,False,False,52349,"[482.36798095703125, 375.90325927734375, 9.260955810546875, 14.1722412109375]",1.852191162109375,1.2883855646306819,1.5447771218522903,UNKNOWN_POST_NMS
756,10408,0,person,"[296.0, 300.0, 5.0, 12.0]",60.0,5.0,12.0,FN,B,,0.6083336472511292,0.33641745973360215,0.2832346558570862,True,False,52469,"[291.26922607421875, 298.17083740234375, 12.28302001953125, 12.709564208984375]",2.45660400390625,1.059130350748698,1.613029404663127,UNKNOWN_POST_NMS
758,10557,0,person,"[295.0, 296.0, 5.0, 12.0]",60.0,5.0,12.0,FN,B,,0.5581544637680054,0.4168204133266023,0.329255074262619,True,False,52665,"[290.7419738769531, 296.0165710449219, 11.762969970703125, 12.213348388671875]",2.352593994140625,1.017779032389323,1.547391624302451,UNKNOWN_POST_NMS
758,10561,0,person,"[336.0, 330.0, 5.0, 7.0]",35.0,5.0,7.0,FN,A,,0.5581544637680054,0.15443919835770062,0.1429011970758438,False,False,52694,"[332.4610900878906, 320.48565673828125, 12.68487548828125, 17.865875244140625]",2.53697509765625,2.5522678920200894,2.544610006386554,UNKNOWN_POST_NMS
758,10567,0,person,"[357.0, 264.0, 6.0, 10.0]",60.0,6.0,10.0,FN,A,,0.5581544637680054,0.0,0.5581544637680054,False,False,52649,"[235.6508026123047, 334.47833251953125, 9.8128662109375, 13.08697509765625]",1.6354777018229167,1.308697509765625,1.4629920012265476,UNKNOWN_POST_NMS
761,10801,0,person,"[377.0, 257.0, 5.0, 10.0]",50.0,5.0,10.0,FN,A,,0.5807990431785583,0.0,0.5807990431785583,False,False,52949,"[487.6720275878906, 367.1778259277344, 10.667816162109375, 12.45977783203125]",2.133563232421875,1.245977783203125,1.630451589792442,UNKNOWN_POST_NMS
761,10829,0,person,"[235.0, 370.0, 5.0, 11.0]",55.0,5.0,11.0,FN,A,,0.5807990431785583,0.028447042950618787,0.20207864046096802,False,False,52982,"[235.86648559570312, 357.71124267578125, 14.279571533203125, 13.993988037109375]",2.855914306640625,1.2721807306463069,1.906105755010805,UNKNOWN_POST_NMS
767,11307,0,person,"[470.0, 189.0, 7.0, 9.0]",63.0,7.0,9.0,FN,B,,0.6224021315574646,0.36952258916532105,0.34830060601234436,True,False,53575,"[470.14990234375, 186.42935180664062, 12.063720703125, 13.718002319335938]",1.723388671875,1.5242224799262152,1.6207491339877553,UNKNOWN_POST_NMS
774,11645,0,person,"[123.0, 256.0, 6.0, 10.0]",60.0,6.0,10.0,TP,D,54233,0.5246549248695374,0.6089711722438275,0.4187144935131073,True,True,54233,"[123.24822998046875, 255.18283081054688, 7.29931640625, 12.599578857421875]",1.216552734375,1.2599578857421876,1.2380651077778593,UNKNOWN_POST_NMS
775,11659,0,person,"[152.0, 243.0, 6.0, 10.0]",60.0,6.0,10.0,FN,A,,0.5248676538467407,0.22834640800209696,0.29029008746147156,False,False,54346,"[154.29006958007812, 243.26626586914062, 8.698150634765625, 15.43487548828125]",1.4496917724609375,1.543487548828125,1.4958546722299035,UNKNOWN_POST_NMS
775,11672,0,person,"[274.0, 121.0, 5.0, 11.0]",55.0,5.0,11.0,FN,A,,0.5248676538467407,0.0,0.5248676538467407,False,False,54330,"[235.7362060546875, 378.60321044921875, 9.463470458984375, 16.382965087890625]",1.892694091796875,1.4893604625355115,1.6789591263627663,UNKNOWN_POST_NMS
782,11877,0,person,"[544.0, 0.0, 6.0, 7.0]",42.0,6.0,7.0,FN,A,,0.5178091526031494,0.21406690654103633,0.2060406655073166,False,False,55062,"[544.725830078125, 0.48958826065063477, 9.69158935546875, 15.760079860687256]",1.615264892578125,2.2514399800981795,1.907006019287664,UNKNOWN_POST_NMS
782,11881,0,person,"[354.0, 208.0, 5.0, 10.0]",50.0,5.0,10.0,FN,B,,0.5178091526031494,0.45480193414835335,0.3885907828807831,True,False,55037,"[354.3685607910156, 206.2943115234375, 7.675872802734375, 12.786636352539062]",1.535174560546875,1.2786636352539062,1.4010609852316156,UNKNOWN_POST_NMS
783,11942,0,person,"[110.0, 184.0, 6.0, 10.0]",60.0,6.0,10.0,FN,B,,0.5650603771209717,0.4709889226302772,0.30827322602272034,True,False,55145,"[110.01478576660156, 181.98922729492188, 9.447822570800781, 13.434814453125]",1.5746370951334636,1.3434814453125,1.45447437942804,UNKNOWN_POST_NMS
783,11950,0,person,"[181.0, 188.0, 7.0, 9.0]",63.0,7.0,9.0,FN,B,,0.5650603771209717,0.3995492231256517,0.17184557020664215,True,False,55172,"[182.47596740722656, 183.34719848632812, 7.2873382568359375, 12.686599731445312]",1.041048322405134,1.4096221923828125,1.211397877910133,UNKNOWN_POST_NMS
783,11954,0,person,"[211.0, 204.0, 7.0, 9.0]",63.0,7.0,9.0,FN,A,,0.5650603771209717,0.0,0.5650603771209717,False,False,55130,"[165.22447204589844, 405.23406982421875, 9.553848266601562, 15.220458984375]",1.364835466657366,1.691162109375,1.519262329797617,UNKNOWN_POST_NMS
784,11993,0,person,"[77.0, 180.0, 5.0, 12.0]",60.0,5.0,12.0,FN,A,,0.5467971563339233,0.17993223956363627,0.1658012419939041,False,False,55266,"[79.1191177368164, 176.7354278564453, 10.910453796386719, 15.279083251953125]",2.1820907592773438,1.2732569376627605,1.6668419834704424,UNKNOWN_POST_NMS
784,11994,0,person,"[82.0, 177.0, 5.0, 10.0]",50.0,5.0,10.0,FN,B,,0.5467971563339233,0.2999368959077023,0.1658012419939041,True,False,55266,"[79.1191177368164, 176.7354278564453, 10.910453796386719, 15.279083251953125]",2.1820907592773438,1.5279083251953125,1.825933908286829,UNKNOWN_POST_NMS
784,11997,0,person,"[211.0, 203.0, 6.0, 10.0]",60.0,6.0,10.0,FN,A,,0.5467971563339233,0.19646416052989113,0.29216456413269043,False,False,55251,"[203.70814514160156, 200.0763702392578, 11.04296875, 15.25335693359375]",1.8404947916666667,1.525335693359375,1.675521530500636,UNKNOWN_POST_NMS
786,12071,0,person,"[163.0, 192.0, 5.0, 12.0]",60.0,5.0,12.0,FN,B,,0.5228543877601624,0.36732233933965375,0.2934023439884186,True,False,55447,"[164.4209747314453, 191.03721618652344, 7.408111572265625, 12.313323974609375]",1.481622314453125,1.026110331217448,1.2330076900906408,UNKNOWN_POST_NMS
786,12078,0,person,"[133.0, 166.0, 5.0, 11.0]",55.0,5.0,11.0,FN,B,,0.5228543877601624,0.3225580990276699,0.26293668150901794,True,False,55450,"[132.95037841796875, 158.94223022460938, 7.6515960693359375, 15.540847778320312]",1.5303192138671875,1.4128043434836648,1.4703882590214292,UNKNOWN_POST_NMS
787,12089,0,person,"[118.0, 175.0, 5.0, 12.0]",60.0,5.0,12.0,FN,B,,0.5147467851638794,0.4490808559311875,0.2003769725561142,True,False,55558,"[116.71058654785156, 173.30133056640625, 9.507888793945312, 13.191452026367188]",1.9015777587890625,1.0992876688639324,1.4458149887252967,UNKNOWN_POST_NMS
787,12090,0,person,"[135.0, 191.0, 5.0, 12.0]",60.0,5.0,12.0,FN,B,,0.5147467851638794,0.2596773445637711,0.2753107249736786,True,False,55546,"[137.23934936523438, 190.601318359375, 8.079742431640625, 12.463363647460938]",1.615948486328125,1.0386136372884114,1.2955099903342917,UNKNOWN_POST_NMS
787,12092,0,person,"[140.0, 209.0, 6.0, 9.0]",54.0,6.0,9.0,FN,A,,0.5147467851638794,0.20749401053330432,0.2377752959728241,False,False,55552,"[141.72860717773438, 208.38931274414062, 8.8641357421875, 19.146041870117188]",1.47735595703125,2.1273379855685763,1.772804401393057,UNKNOWN_POST_NMS
789,12132,0,person,"[473.0, 210.0, 4.0, 13.0]",52.0,4.0,13.0,TP,D,55737,0.5174118876457214,0.5302659531272857,0.34466123580932617,True,True,55737,"[470.8869323730469, 210.4337158203125, 7.1202392578125, 13.069427490234375]",1.780059814453125,1.005340576171875,1.3377467471396467,UNKNOWN_POST_NMS
823,12259,0,person,"[201.0, 263.0, 6.0, 10.0]",60.0,6.0,10.0,FN,A,,0.28892654180526733,0.0,0.28892654180526733,False,False,57037,"[313.173583984375, 221.20631408691406, 9.927215576171875, 19.42340087890625]",1.6545359293619792,1.942340087890625,1.792671599165654,UNKNOWN_POST_NMS
824,12263,0,person,"[556.0, 222.0, 8.0, 8.0]",64.0,8.0,8.0,TP,D,57094,0.32465898990631104,0.5494489954112252,0.10272061824798584,True,True,57094,"[558.0550537109375, 221.65145874023438, 6.6005859375, 10.623031616210938]",0.8250732421875,1.3278789520263672,1.0467078829267191,UNKNOWN_POST_NMS
867,12489,0,person,"[238.0, 110.0, 5.0, 9.0]",45.0,5.0,9.0,FN,B,,0.4323214590549469,0.38638858040871504,0.05204537510871887,True,False,58551,"[238.0714569091797, 107.75696563720703, 9.520751953125, 11.990180969238281]",1.904150390625,1.3322423299153645,1.592730282538604,UNKNOWN_POST_NMS
867,12490,0,person,"[247.0, 112.0, 5.0, 10.0]",50.0,5.0,10.0,FN,B,,0.4323214590549469,0.39362059530339677,0.06870865076780319,True,False,58548,"[242.7039031982422, 109.27108001708984, 9.228546142578125, 11.858863830566406]",1.845709228515625,1.1858863830566406,1.479459847775078,UNKNOWN_POST_NMS
880,12611,0,person,"[197.0, 418.0, 6.0, 9.0]",54.0,6.0,9.0,TP,D,59167,0.34572991728782654,0.644389605943337,0.08963938057422638,True,True,59167,"[196.8180389404297, 417.1496276855469, 7.8629608154296875, 10.6575927734375]",1.3104934692382812,1.1841769748263888,1.2457352013699892,UNKNOWN_POST_NMS
882,12627,0,person,"[134.0, 390.0, 8.0, 7.0]",56.0,8.0,7.0,TP,D,59252,0.3167364001274109,0.576326103243865,0.1665496528148651,True,True,59252,"[133.52774047851562, 387.1041564941406, 7.8932342529296875, 10.90570068359375]",0.9866542816162109,1.5579572405133928,1.239824657734922,UNKNOWN_POST_NMS
885,12661,0,person,"[1.0, 295.0, 6.0, 10.0]",60.0,6.0,10.0,FN,A,,0.3280812203884125,0.21247605822352994,0.09722421318292618,False,False,59370,"[3.5594186782836914, 290.9460144042969, 9.68757152557373, 14.07305908203125]",1.6145952542622883,1.407305908203125,1.5073916016351043,UNKNOWN_POST_NMS
973,13294,0,person,"[517.0, 213.0, 6.0, 9.0]",54.0,6.0,9.0,FN,A,,0.37414541840553284,0.22821831606019985,0.13391652703285217,False,False,63518,"[517.6979370117188, 205.55694580078125, 10.0634765625, 14.421722412109375]",1.67724609375,1.6024136013454862,1.6394029258936273,UNKNOWN_POST_NMS
973,13295,0,person,"[522.0, 205.0, 7.0, 9.0]",63.0,7.0,9.0,FN,B,,0.37414541840553284,0.32273495831067844,0.142141655087471,True,False,63516,"[522.665283203125, 205.09121704101562, 11.7408447265625, 14.334426879882812]",1.6772635323660714,1.592714097764757,1.6344421903714297,UNKNOWN_POST_NMS
973,13299,0,person,"[535.0, 152.0, 6.0, 9.0]",54.0,6.0,9.0,TP,D,63509,0.37414541840553284,0.5676598295909429,0.25402727723121643,True,True,63509,"[534.17822265625, 149.2046661376953, 7.80548095703125, 12.187255859375]",1.3009134928385417,1.3541395399305556,1.3272597329391993,UNKNOWN_POST_NMS
974,13307,0,person,"[512.0, 221.0, 7.0, 9.0]",63.0,7.0,9.0,FN,B,,0.43657878041267395,0.31356195991656055,0.3309774398803711,True,False,63587,"[509.18951416015625, 222.69630432128906, 9.79327392578125, 15.382797241210938]",1.3990391322544642,1.709199693467882,1.5463625887866344,UNKNOWN_POST_NMS
1003,13534,0,person,"[156.0, 301.0, 8.0, 8.0]",64.0,8.0,8.0,FN,B,,0.41759881377220154,0.40350093623720074,0.41759881377220154,True,False,65165,"[157.95814514160156, 300.4940490722656, 9.164459228515625, 11.361663818359375]",1.1455574035644531,1.4202079772949219,1.2755115691327517,UNKNOWN_POST_NMS
1027,13642,0,person,"[577.0, 0.0, 8.0, 8.0]",64.0,8.0,8.0,FN,A,,0.42929428815841675,0.0,0.42929428815841675,False,False,66126,"[275.8779602050781, 1.2437620162963867, 7.267669677734375, 12.285468101501465]",0.9084587097167969,1.535683512687683,1.1811456567543273,UNKNOWN_POST_NMS
1027,13643,0,person,"[595.0, 63.0, 6.0, 10.0]",60.0,6.0,10.0,TP,D,66133,0.42929428815841675,0.5487838138132044,0.10313843935728073,True,True,66133,"[592.3119506835938, 62.52057647705078, 10.091064453125, 10.834602355957031]",1.6818440755208333,1.083460235595703,1.3498930247612362,UNKNOWN_POST_NMS
1028,13649,0,person,"[586.0, 18.0, 7.0, 8.0]",56.0,7.0,8.0,FN,A,,0.4417482316493988,0.2350169738198512,0.05339985340833664,False,False,66186,"[588.5191650390625, 14.478631973266602, 11.25970458984375, 11.305896759033203]",1.6085292271205358,1.4132370948791504,1.5077245013476537,UNKNOWN_POST_NMS
1032,13688,0,person,"[279.0, 130.0, 5.0, 10.0]",50.0,5.0,10.0,FN,A,,0.4097636640071869,0.20456893050752048,0.06881891191005707,False,False,66380,"[276.93572998046875, 122.00037384033203, 13.047821044921875, 18.73235321044922]",2.609564208984375,1.873235321044922,2.2109563199674893,UNKNOWN_POST_NMS
1033,13700,0,person,"[270.0, 192.0, 5.0, 11.0]",55.0,5.0,11.0,FN,A,,0.3935038447380066,0.21824435040802803,0.17331115901470184,False,False,66425,"[265.9859924316406, 192.3917236328125, 15.885406494140625, 15.176071166992188]",3.177081298828125,1.379642833362926,2.093618266289153,UNKNOWN_POST_NMS
1034,13718,0,person,"[243.0, 265.0, 5.0, 12.0]",60.0,5.0,12.0,FN,B,,0.46511563658714294,0.32433273166765664,0.2549889385700226,True,False,66493,"[237.3927459716797, 265.04443359375, 12.253265380859375, 15.023590087890625]",2.450653076171875,1.251965840657552,1.7516089571218623,UNKNOWN_POST_NMS
1034,13719,0,person,"[248.0, 269.0, 5.0, 11.0]",55.0,5.0,11.0,FN,B,,0.46511563658714294,0.3503474396674349,0.10611949861049652,True,False,66499,"[246.94041442871094, 265.0821533203125, 10.409530639648438, 15.081085205078125]",2.0819061279296873,1.3710077459161931,1.6894701618146413,UNKNOWN_POST_NMS
1034,13721,0,person,"[239.0, 285.0, 7.0, 9.0]",63.0,7.0,9.0,FN,B,,0.46511563658714294,0.2753407741860033,0.270283579826355,True,False,66492,"[234.49954223632812, 286.3592834472656, 9.806854248046875, 12.72552490234375]",1.4009791782924108,1.4139472113715277,1.4074482592039141,UNKNOWN_POST_NMS
1036,13755,0,person,"[175.0, 454.0, 8.0, 8.0]",64.0,8.0,8.0,FN,A,,0.5062780380249023,0.18783260770687502,0.22852210700511932,False,False,66620,"[172.883544921875, 452.9482421875, 16.712753295898438, 20.387359619140625]",2.0890941619873047,2.548419952392578,2.3073554656435795,UNKNOWN_POST_NMS
1050,13861,0,person,"[407.0, 18.0, 6.0, 10.0]",60.0,6.0,10.0,FN,B,,0.4387440085411072,0.34979824265071924,0.41053953766822815,True,False,67386,"[403.5909729003906, 16.470436096191406, 10.987518310546875, 15.61111831665039]",1.8312530517578125,1.561111831665039,1.6907959089942912,UNKNOWN_POST_NMS
1100,14117,0,person,"[267.0, 148.0, 6.0, 10.0]",60.0,6.0,10.0,FN,A,,0.5170884132385254,0.0,0.5170884132385254,False,False,68872,"[285.0299987792969, 176.56056213378906, 8.310577392578125, 13.405807495117188]",1.3850962320963542,1.3405807495117188,1.3626567230853073,UNKNOWN_POST_NMS
1102,14129,0,person,"[124.0, 114.0, 6.0, 10.0]",60.0,6.0,10.0,TP,D,68976,0.32772892713546753,0.5252867272232496,0.28404226899147034,True,True,68976,"[122.36671447753906, 112.56378173828125, 9.221725463867188, 12.386329650878906]",1.5369542439778645,1.2386329650878907,1.3797543956888558,UNKNOWN_POST_NMS
1124,14282,0,person,"[276.0, 261.0, 5.0, 11.0]",55.0,5.0,11.0,TP,D,70328,0.5261667966842651,0.523091762267588,0.524718701839447,True,True,70328,"[274.8586730957031, 260.917724609375, 7.896209716796875, 13.315765380859375]",1.579241943359375,1.2105241255326704,1.3826461848533855,UNKNOWN_POST_NMS
1125,14292,0,person,"[516.0, 104.0, 5.0, 11.0]",55.0,5.0,11.0,FN,B,,0.5730885863304138,0.30630228752558475,0.27200499176979065,True,False,70437,"[512.9049072265625, 98.30182647705078, 10.28570556640625, 17.457351684570312]",2.05714111328125,1.587031971324574,1.8068615653401814,UNKNOWN_POST_NMS
1125,14297,0,person,"[177.0, 479.0, 7.0, 8.0]",56.0,7.0,8.0,FN,A,,0.5730885863304138,0.147045154097305,0.09995146840810776,False,False,70455,"[178.78379821777344, 473.2296142578125, 18.586074829101562, 14.50103759765625]",2.655153547014509,1.8126296997070312,2.193811791517442,UNKNOWN_POST_NMS
1125,14301,0,person,"[138.0, 409.0, 6.0, 10.0]",60.0,6.0,10.0,FN,B,,0.5730885863304138,0.27197194093424903,0.24826231598854065,True,False,70439,"[137.11253356933594, 405.3864440917969, 14.721206665039062, 14.985931396484375]",2.4535344441731772,1.4985931396484375,1.9175113783049804,UNKNOWN_POST_NMS
1129,14347,0,person,"[606.0, 290.0, 7.0, 7.0]",49.0,7.0,7.0,FN,B,,0.6406588554382324,0.26025389066234056,0.25918352603912354,True,False,70714,"[604.9490966796875, 288.9109802246094, 11.158447265625, 16.87310791015625]",1.5940638950892858,2.4104439871651784,1.9602045125636949,UNKNOWN_POST_NMS
1129,14348,0,person,"[606.0, 299.0, 7.0, 6.0]",42.0,7.0,6.0,FN,A,,0.6406588554382324,0.22307476342486332,0.25918352603912354,False,False,70714,"[604.9490966796875, 288.9109802246094, 11.158447265625, 16.87310791015625]",1.5940638950892858,2.8121846516927085,2.1172628602957135,UNKNOWN_POST_NMS
1129,14349,0,person,"[614.0, 317.0, 7.0, 8.0]",56.0,7.0,8.0,TP,D,70730,0.6406588554382324,0.6428440469134041,0.11553121358156204,True,True,70730,"[613.4221801757812, 316.9465637207031, 8.247802734375, 10.56195068359375]",1.1782575334821428,1.3202438354492188,1.247231832961058,UNKNOWN_POST_NMS
1129,14350,0,person,"[617.0, 333.0, 7.0, 9.0]",63.0,7.0,9.0,FN,B,,0.6406588554382324,0.4603224529078833,0.3223271667957306,True,False,70709,"[615.7651977539062, 331.3992919921875, 10.0985107421875, 13.55255126953125]",1.4426443917410714,1.5058390299479167,1.4739030603873435,UNKNOWN_POST_NMS
1129,14352,0,person,"[520.0, 360.0, 6.0, 9.0]",54.0,6.0,9.0,FN,B,,0.6406588554382324,0.3193115384374393,0.28232651948928833,True,False,70710,"[517.0084228515625, 359.3636474609375, 11.5755615234375, 14.60955810546875]",1.92926025390625,1.6232842339409723,1.7696716512774262,UNKNOWN_POST_NMS
1129,14353,0,person,"[512.0, 338.0, 5.0, 11.0]",55.0,5.0,11.0,TP,D,70712,0.6406588554382324,0.5200496374308213,0.27012768387794495,True,True,70712,"[509.328369140625, 338.1575927734375, 8.723876953125, 11.85894775390625]",1.744775390625,1.0780861594460227,1.3715021691469687,UNKNOWN_POST_NMS
1141,14384,0,person,"[142.0, 35.0, 5.0, 11.0]",55.0,5.0,11.0,FN,B,,0.519376277923584,0.44619999816450673,0.11794248223304749,True,False,71213,"[138.62583923339844, 33.958465576171875, 10.156341552734375, 12.136566162109375]",2.031268310546875,1.1033241965553977,1.497046250695873,UNKNOWN_POST_NMS
1166,14429,0,person,"[478.0, 401.0, 6.0, 10.0]",60.0,6.0,10.0,FN,B,,0.4348573088645935,0.26522613252097726,0.38495302200317383,True,False,71566,"[476.52215576171875, 402.3384094238281, 9.255035400390625, 20.303955078125]",1.5425059000651042,2.0303955078125,1.7697166581875372,UNKNOWN_POST_NMS
